,id_viaje,id_destino,id_precio
1,1,72,14
2,2,20,13
3,3,22,13
4,4,26,13
5,5,54,13
6,6,5,6
7,7,67,14
8,8,13,13
9,9,6,9
10,10,79,14
11,11,72,14
12,12,94,15
13,13,94,15
14,14,52,13
15,15,93,15
16,16,37,13
17,17,28,13
18,18,91,15
19,19,67,14
20,20,77,14
21,21,83,14
22,22,25,13
23,23,5,6
24,24,29,13
25,25,47,13
26,26,10,13
27,27,53,13
28,28,52,13
29,29,83,14
30,30,51,13
31,31,7,13
32,32,42,13
33,33,16,13
34,34,64,14
35,35,97,15
36,36,52,13
37,37,26,13
38,38,73,14
39,39,1,4
40,40,37,13
41,41,62,13
42,42,37,13
43,43,58,13
44,44,9,13
45,45,17,13
46,46,80,14
47,47,6,11
48,48,60,13
49,49,57,13
50,50,37,13
51,51,5,5
52,52,51,13
53,53,7,13
54,54,56,13
55,55,91,15
56,56,63,14
57,57,93,15
58,58,1,1
59,59,2,1
60,60,7,13
61,61,33,13
62,62,96,15
63,63,5,5
64,64,31,13
65,65,28,13
66,66,18,13
67,67,95,15
68,68,4,1
69,69,6,9
70,70,39,13
71,71,30,13
72,72,70,14
73,73,74,14
74,74,95,15
75,75,9,13
76,76,28,13
77,77,19,13
78,78,98,15
79,79,82,14
80,80,91,15
81,81,60,13
82,82,49,13
83,83,101,16
84,84,84,14
85,85,64,14
86,86,92,15
87,87,73,14
88,88,63,14
89,89,41,13
90,90,17,13
91,91,2,2
92,92,24,13
93,93,21,13
94,94,6,11
95,95,15,13
96,96,29,13
97,97,99,15
98,98,66,14
99,99,47,13
100,100,14,13
101,101,62,13
102,102,3,2
103,103,13,13
104,104,77,14
105,105,37,13
106,106,89,15
107,107,39,13
108,108,14,13
109,109,23,13
110,110,96,15
111,111,23,13
112,112,95,15
113,113,91,15
114,114,58,13
115,115,3,2
116,116,26,13
117,117,92,15
118,118,26,13
119,119,2,3
120,120,6,9
121,121,96,15
122,122,29,13
123,123,32,13
124,124,78,14
125,125,100,16
126,126,3,1
127,127,69,14
128,128,91,15
129,129,16,13
130,130,43,13
131,131,62,13
132,132,15,13
133,133,61,13
134,134,43,13
135,135,90,15
136,136,40,13
137,137,66,14
138,138,77,14
139,139,18,13
140,140,45,13
141,141,14,13
142,142,90,15
143,143,43,13
144,144,39,13
145,145,84,14
146,146,39,13
147,147,32,13
148,148,41,13
149,149,31,13
150,150,68,14
151,151,41,13
152,152,83,14
153,153,91,15
154,154,90,15
155,155,15,13
156,156,12,13
157,157,40,13
158,158,62,13
159,159,91,15
160,160,3,3
161,161,41,13
162,162,44,13
163,163,63,14
164,164,92,15
165,165,21,13
166,166,65,14
167,167,21,13
168,168,34,13
169,169,88,15
170,170,44,13
171,171,22,13
172,172,1,3
173,173,71,14
174,174,95,15
175,175,2,2
176,176,51,13
177,177,22,13
178,178,22,13
179,179,58,13
180,180,5,7
181,181,47,13
182,182,72,14
183,183,26,13
184,184,34,13
185,185,84,14
186,186,98,15
187,187,60,13
188,188,82,14
189,189,89,15
190,190,32,13
191,191,83,14
192,192,2,4
193,193,28,13
194,194,66,14
195,195,53,13
196,196,5,5
197,197,69,14
198,198,50,13
199,199,13,13
200,200,51,13
201,201,3,1
202,202,30,13
203,203,77,14
204,204,96,15
205,205,28,13
206,206,15,13
207,207,18,13
208,208,20,13
209,209,5,8
210,210,75,14
211,211,93,15
212,212,9,13
213,213,28,13
214,214,20,13
215,215,67,14
216,216,13,13
217,217,91,15
218,218,25,13
219,219,91,15
220,220,60,13
221,221,4,4
222,222,44,13
223,223,23,13
224,224,3,4
225,225,53,13
226,226,92,15
227,227,9,13
228,228,72,14
229,229,35,13
230,230,77,14
231,231,63,14
232,232,39,13
233,233,78,14
234,234,69,14
235,235,75,14
236,236,80,14
237,237,50,13
238,238,22,13
239,239,61,13
240,240,3,3
241,241,62,13
242,242,69,14
243,243,85,15
244,244,45,13
245,245,70,14
246,246,57,13
247,247,85,15
248,248,35,13
249,249,94,15
250,250,71,14
251,251,4,4
252,252,51,13
253,253,53,13
254,254,86,15
255,255,69,14
256,256,32,13
257,257,38,13
258,258,64,14
259,259,35,13
260,260,10,13
261,261,71,14
262,262,81,14
263,263,89,15
264,264,84,14
265,265,44,13
266,266,5,8
267,267,100,16
268,268,85,15
269,269,67,14
270,270,77,14
271,271,7,13
272,272,50,13
273,273,25,13
274,274,9,13
275,275,75,14
276,276,17,13
277,277,56,13
278,278,36,13
279,279,60,13
280,280,45,13
281,281,94,15
282,282,86,15
283,283,83,14
284,284,4,2
285,285,100,16
286,286,98,15
287,287,20,13
288,288,86,15
289,289,71,14
290,290,22,13
291,291,77,14
292,292,91,15
293,293,30,13
294,294,4,3
295,295,43,13
296,296,39,13
297,297,18,13
298,298,22,13
299,299,3,4
300,300,16,13
301,301,14,13
302,302,27,13
303,303,55,13
304,304,82,14
305,305,88,15
306,306,74,14
307,307,91,15
308,308,18,13
309,309,60,13
310,310,96,15
311,311,77,14
312,312,2,1
313,313,5,7
314,314,19,13
315,315,59,13
316,316,4,2
317,317,94,15
318,318,1,1
319,319,86,15
320,320,50,13
321,321,3,1
322,322,18,13
323,323,90,15
324,324,39,13
325,325,35,13
326,326,86,15
327,327,12,13
328,328,20,13
329,329,90,15
330,330,93,15
331,331,90,15
332,332,93,15
333,333,30,13
334,334,47,13
335,335,21,13
336,336,30,13
337,337,92,15
338,338,93,15
339,339,3,2
340,340,77,14
341,341,50,13
342,342,67,14
343,343,53,13
344,344,48,13
345,345,79,14
346,346,49,13
347,347,30,13
348,348,1,2
349,349,32,13
350,350,54,13
351,351,41,13
352,352,65,14
353,353,48,13
354,354,57,13
355,355,94,15
356,356,97,15
357,357,28,13
358,358,19,13
359,359,31,13
360,360,81,14
361,361,64,14
362,362,97,15
363,363,11,13
364,364,22,13
365,365,70,14
366,366,70,14
367,367,11,13
368,368,30,13
369,369,91,15
370,370,6,9
371,371,61,13
372,372,63,14
373,373,33,13
374,374,4,2
375,375,54,13
376,376,7,13
377,377,49,13
378,378,15,13
379,379,36,13
380,380,97,15
381,381,61,13
382,382,8,13
383,383,40,13
384,384,12,13
385,385,19,13
386,386,5,6
387,387,61,13
388,388,65,14
389,389,71,14
390,390,48,13
391,391,62,13
392,392,27,13
393,393,95,15
394,394,89,15
395,395,41,13
396,396,10,13
397,397,17,13
398,398,36,13
399,399,18,13
400,400,45,13
401,401,76,14
402,402,101,16
403,403,49,13
404,404,18,13
405,405,96,15
406,406,91,15
407,407,23,13
408,408,21,13
409,409,94,15
410,410,3,4
411,411,48,13
412,412,88,15
413,413,56,13
414,414,24,13
415,415,57,13
416,416,76,14
417,417,93,15
418,418,38,13
419,419,56,13
420,420,38,13
421,421,101,16
422,422,24,13
423,423,37,13
424,424,43,13
425,425,84,14
426,426,21,13
427,427,69,14
428,428,101,16
429,429,14,13
430,430,101,16
431,431,54,13
432,432,12,13
433,433,47,13
434,434,57,13
435,435,33,13
436,436,33,13
437,437,55,13
438,438,77,14
439,439,22,13
440,440,63,14
441,441,89,15
442,442,66,14
443,443,64,14
444,444,56,13
445,445,81,14
446,446,18,13
447,447,62,13
448,448,37,13
449,449,79,14
450,450,3,4
451,451,60,13
452,452,5,5
453,453,66,14
454,454,17,13
455,455,65,14
456,456,88,15
457,457,50,13
458,458,94,15
459,459,27,13
460,460,87,15
461,461,46,13
462,462,43,13
463,463,37,13
464,464,54,13
465,465,73,14
466,466,52,13
467,467,14,13
468,468,38,13
469,469,27,13
470,470,32,13
471,471,23,13
472,472,73,14
473,473,49,13
474,474,59,13
475,475,45,13
476,476,32,13
477,477,37,13
478,478,59,13
479,479,22,13
480,480,14,13
481,481,5,7
482,482,12,13
483,483,85,15
484,484,11,13
485,485,15,13
486,486,51,13
487,487,97,15
488,488,43,13
489,489,90,15
490,490,73,14
491,491,42,13
492,492,47,13
493,493,65,14
494,494,14,13
495,495,50,13
496,496,99,15
497,497,22,13
498,498,27,13
499,499,11,13
500,500,5,5
501,501,1,1
502,502,9,13
503,503,87,15
504,504,70,14
505,505,54,13
506,506,45,13
507,507,79,14
508,508,77,14
509,509,92,15
510,510,27,13
511,511,73,14
512,512,62,13
513,513,89,15
514,514,53,13
515,515,13,13
516,516,71,14
517,517,71,14
518,518,58,13
519,519,80,14
520,520,52,13
521,521,7,13
522,522,67,14
523,523,69,14
524,524,56,13
525,525,81,14
526,526,1,3
527,527,15,13
528,528,29,13
529,529,6,11
530,530,62,13
531,531,94,15
532,532,1,2
533,533,30,13
534,534,10,13
535,535,95,15
536,536,79,14
537,537,45,13
538,538,46,13
539,539,76,14
540,540,86,15
541,541,63,14
542,542,30,13
543,543,68,14
544,544,70,14
545,545,22,13
546,546,50,13
547,547,93,15
548,548,35,13
549,549,17,13
550,550,61,13
551,551,51,13
552,552,72,14
553,553,73,14
554,554,10,13
555,555,82,14
556,556,5,5
557,557,27,13
558,558,75,14
559,559,92,15
560,560,77,14
561,561,94,15
562,562,53,13
563,563,83,14
564,564,33,13
565,565,26,13
566,566,43,13
567,567,61,13
568,568,60,13
569,569,81,14
570,570,50,13
571,571,16,13
572,572,82,14
573,573,4,2
574,574,98,15
575,575,40,13
576,576,1,4
577,577,65,14
578,578,29,13
579,579,64,14
580,580,97,15
581,581,19,13
582,582,22,13
583,583,1,1
584,584,65,14
585,585,30,13
586,586,92,15
587,587,3,3
588,588,32,13
589,589,88,15
590,590,58,13
591,591,28,13
592,592,43,13
593,593,16,13
594,594,69,14
595,595,93,15
596,596,69,14
597,597,61,13
598,598,48,13
599,599,49,13
600,600,76,14
601,601,17,13
602,602,37,13
603,603,25,13
604,604,52,13
605,605,40,13
606,606,94,15
607,607,50,13
608,608,96,15
609,609,55,13
610,610,18,13
611,611,90,15
612,612,78,14
613,613,22,13
614,614,93,15
615,615,66,14
616,616,42,13
617,617,4,1
618,618,10,13
619,619,2,1
620,620,46,13
621,621,21,13
622,622,96,15
623,623,13,13
624,624,39,13
625,625,85,15
626,626,96,15
627,627,42,13
628,628,88,15
629,629,10,13
630,630,14,13
631,631,88,15
632,632,9,13
633,633,67,14
634,634,40,13
635,635,99,15
636,636,42,13
637,637,11,13
638,638,50,13
639,639,66,14
640,640,62,13
641,641,27,13
642,642,5,6
643,643,29,13
644,644,10,13
645,645,31,13
646,646,43,13
647,647,36,13
648,648,52,13
649,649,40,13
650,650,7,13
651,651,84,14
652,652,20,13
653,653,79,14
654,654,56,13
655,655,54,13
656,656,68,14
657,657,56,13
658,658,32,13
659,659,75,14
660,660,71,14
661,661,11,13
662,662,21,13
663,663,38,13
664,664,74,14
665,665,67,14
666,666,10,13
667,667,84,14
668,668,1,2
669,669,84,14
670,670,89,15
671,671,89,15
672,672,28,13
673,673,97,15
674,674,64,14
675,675,57,13
676,676,33,13
677,677,35,13
678,678,19,13
679,679,52,13
680,680,68,14
681,681,84,14
682,682,20,13
683,683,53,13
684,684,20,13
685,685,58,13
686,686,39,13
687,687,99,15
688,688,83,14
689,689,29,13
690,690,87,15
691,691,20,13
692,692,89,15
693,693,49,13
694,694,27,13
695,695,101,16
696,696,25,13
697,697,71,14
698,698,28,13
699,699,1,3
700,700,28,13
701,701,72,14
702,702,70,14
703,703,6,12
704,704,49,13
705,705,6,10
706,706,24,13
707,707,83,14
708,708,50,13
709,709,96,15
710,710,94,15
711,711,101,16
712,712,32,13
713,713,85,15
714,714,42,13
715,715,96,15
716,716,41,13
717,717,51,13
718,718,99,15
719,719,70,14
720,720,61,13
721,721,96,15
722,722,77,14
723,723,15,13
724,724,64,14
725,725,25,13
726,726,7,13
727,727,52,13
728,728,56,13
729,729,101,16
730,730,53,13
731,731,83,14
732,732,74,14
733,733,85,15
734,734,72,14
735,735,39,13
736,736,88,15
737,737,19,13
738,738,81,14
739,739,49,13
740,740,59,13
741,741,25,13
742,742,84,14
743,743,11,13
744,744,53,13
745,745,81,14
746,746,15,13
747,747,57,13
748,748,25,13
749,749,42,13
750,750,27,13
751,751,8,13
752,752,21,13
753,753,75,14
754,754,45,13
755,755,63,14
756,756,68,14
757,757,65,14
758,758,49,13
759,759,76,14
760,760,15,13
761,761,28,13
762,762,14,13
763,763,38,13
764,764,32,13
765,765,23,13
766,766,76,14
767,767,62,13
768,768,53,13
769,769,11,13
770,770,24,13
771,771,82,14
772,772,31,13
773,773,100,16
774,774,37,13
775,775,95,15
776,776,5,7
777,777,98,15
778,778,27,13
779,779,40,13
780,780,79,14
781,781,37,13
782,782,52,13
783,783,19,13
784,784,2,3
785,785,28,13
786,786,22,13
787,787,71,14
788,788,21,13
789,789,11,13
790,790,79,14
791,791,36,13
792,792,12,13
793,793,100,16
794,794,52,13
795,795,68,14
796,796,24,13
797,797,58,13
798,798,53,13
799,799,70,14
800,800,90,15
801,801,56,13
802,802,82,14
803,803,85,15
804,804,91,15
805,805,16,13
806,806,71,14
807,807,23,13
808,808,95,15
809,809,39,13
810,810,98,15
811,811,89,15
812,812,19,13
813,813,92,15
814,814,90,15
815,815,97,15
816,816,11,13
817,817,25,13
818,818,78,14
819,819,13,13
820,820,54,13
821,821,13,13
822,822,93,15
823,823,76,14
824,824,28,13
825,825,94,15
826,826,46,13
827,827,52,13
828,828,14,13
829,829,31,13
830,830,96,15
831,831,101,16
832,832,59,13
833,833,49,13
834,834,99,15
835,835,76,14
836,836,59,13
837,837,5,8
838,838,32,13
839,839,89,15
840,840,95,15
841,841,67,14
842,842,50,13
843,843,58,13
844,844,11,13
845,845,24,13
846,846,66,14
847,847,45,13
848,848,62,13
849,849,90,15
850,850,71,14
851,851,25,13
852,852,18,13
853,853,83,14
854,854,5,8
855,855,20,13
856,856,82,14
857,857,89,15
858,858,60,13
859,859,68,14
860,860,27,13
861,861,44,13
862,862,98,15
863,863,46,13
864,864,89,15
865,865,45,13
866,866,39,13
867,867,88,15
868,868,80,14
869,869,50,13
870,870,50,13
871,871,85,15
872,872,3,1
873,873,101,16
874,874,83,14
875,875,94,15
876,876,66,14
877,877,38,13
878,878,22,13
879,879,73,14
880,880,83,14
881,881,71,14
882,882,74,14
883,883,101,16
884,884,6,12
885,885,45,13
886,886,52,13
887,887,95,15
888,888,69,14
889,889,98,15
890,890,81,14
891,891,70,14
892,892,93,15
893,893,29,13
894,894,38,13
895,895,29,13
896,896,35,13
897,897,90,15
898,898,82,14
899,899,45,13
900,900,31,13
901,901,54,13
902,902,96,15
903,903,50,13
904,904,17,13
905,905,90,15
906,906,66,14
907,907,92,15
908,908,1,2
909,909,86,15
910,910,90,15
911,911,84,14
912,912,37,13
913,913,73,14
914,914,28,13
915,915,50,13
916,916,73,14
917,917,60,13
918,918,16,13
919,919,52,13
920,920,57,13
921,921,17,13
922,922,59,13
923,923,16,13
924,924,48,13
925,925,27,13
926,926,54,13
927,927,14,13
928,928,99,15
929,929,78,14
930,930,50,13
931,931,54,13
932,932,20,13
933,933,16,13
934,934,38,13
935,935,19,13
936,936,61,13
937,937,13,13
938,938,11,13
939,939,17,13
940,940,7,13
941,941,84,14
942,942,67,14
943,943,30,13
944,944,73,14
945,945,39,13
946,946,64,14
947,947,57,13
948,948,78,14
949,949,59,13
950,950,87,15
951,951,93,15
952,952,101,16
953,953,72,14
954,954,72,14
955,955,40,13
956,956,98,15
957,957,76,14
958,958,94,15
959,959,68,14
960,960,29,13
961,961,17,13
962,962,101,16
963,963,67,14
964,964,49,13
965,965,56,13
966,966,1,3
967,967,83,14
968,968,83,14
969,969,67,14
970,970,11,13
971,971,65,14
972,972,80,14
973,973,16,13
974,974,96,15
975,975,47,13
976,976,64,14
977,977,37,13
978,978,13,13
979,979,88,15
980,980,34,13
981,981,65,14
982,982,81,14
983,983,79,14
984,984,92,15
985,985,36,13
986,986,47,13
987,987,48,13
988,988,57,13
989,989,29,13
990,990,39,13
991,991,83,14
992,992,74,14
993,993,60,13
994,994,30,13
995,995,54,13
996,996,28,13
997,997,83,14
998,998,8,13
999,999,35,13
1000,1000,26,13
1001,1001,77,14
1002,1002,95,15
1003,1003,23,13
1004,1004,88,15
1005,1005,45,13
1006,1006,12,13
1007,1007,48,13
1008,1008,31,13
1009,1009,48,13
1010,1010,101,16
1011,1011,57,13
1012,1012,98,15
1013,1013,50,13
1014,1014,61,13
1015,1015,41,13
1016,1016,50,13
1017,1017,54,13
1018,1018,10,13
1019,1019,63,14
1020,1020,11,13
1021,1021,53,13
1022,1022,32,13
1023,1023,34,13
1024,1024,65,14
1025,1025,5,5
1026,1026,77,14
1027,1027,63,14
1028,1028,81,14
1029,1029,78,14
1030,1030,22,13
1031,1031,25,13
1032,1032,94,15
1033,1033,30,13
1034,1034,85,15
1035,1035,25,13
1036,1036,17,13
1037,1037,64,14
1038,1038,35,13
1039,1039,14,13
1040,1040,3,1
1041,1041,65,14
1042,1042,20,13
1043,1043,19,13
1044,1044,44,13
1045,1045,100,16
1046,1046,54,13
1047,1047,31,13
1048,1048,5,6
1049,1049,44,13
1050,1050,101,16
1051,1051,50,13
1052,1052,33,13
1053,1053,70,14
1054,1054,76,14
1055,1055,29,13
1056,1056,9,13
1057,1057,27,13
1058,1058,21,13
1059,1059,31,13
1060,1060,79,14
1061,1061,80,14
1062,1062,14,13
1063,1063,22,13
1064,1064,83,14
1065,1065,62,13
1066,1066,9,13
1067,1067,1,1
1068,1068,22,13
1069,1069,22,13
1070,1070,20,13
1071,1071,28,13
1072,1072,17,13
1073,1073,42,13
1074,1074,61,13
1075,1075,80,14
1076,1076,61,13
1077,1077,63,14
1078,1078,67,14
1079,1079,3,1
1080,1080,65,14
1081,1081,57,13
1082,1082,28,13
1083,1083,44,13
1084,1084,63,14
1085,1085,34,13
1086,1086,68,14
1087,1087,59,13
1088,1088,2,3
1089,1089,37,13
1090,1090,64,14
1091,1091,7,13
1092,1092,65,14
1093,1093,24,13
1094,1094,32,13
1095,1095,19,13
1096,1096,12,13
1097,1097,81,14
1098,1098,71,14
1099,1099,42,13
1100,1100,61,13
1101,1101,65,14
1102,1102,70,14
1103,1103,52,13
1104,1104,101,16
1105,1105,74,14
1106,1106,51,13
1107,1107,89,15
1108,1108,34,13
1109,1109,11,13
1110,1110,55,13
1111,1111,67,14
1112,1112,90,15
1113,1113,45,13
1114,1114,16,13
1115,1115,17,13
1116,1116,73,14
1117,1117,1,2
1118,1118,12,13
1119,1119,66,14
1120,1120,86,15
1121,1121,56,13
1122,1122,82,14
1123,1123,59,13
1124,1124,77,14
1125,1125,49,13
1126,1126,51,13
1127,1127,88,15
1128,1128,46,13
1129,1129,62,13
1130,1130,15,13
1131,1131,19,13
1132,1132,88,15
1133,1133,16,13
1134,1134,79,14
1135,1135,28,13
1136,1136,58,13
1137,1137,60,13
1138,1138,68,14
1139,1139,89,15
1140,1140,25,13
1141,1141,78,14
1142,1142,31,13
1143,1143,90,15
1144,1144,76,14
1145,1145,13,13
1146,1146,67,14
1147,1147,24,13
1148,1148,63,14
1149,1149,46,13
1150,1150,32,13
1151,1151,18,13
1152,1152,90,15
1153,1153,14,13
1154,1154,60,13
1155,1155,57,13
1156,1156,10,13
1157,1157,15,13
1158,1158,39,13
1159,1159,55,13
1160,1160,8,13
1161,1161,9,13
1162,1162,53,13
1163,1163,71,14
1164,1164,35,13
1165,1165,66,14
1166,1166,29,13
1167,1167,16,13
1168,1168,63,14
1169,1169,51,13
1170,1170,3,3
1171,1171,51,13
1172,1172,4,3
1173,1173,12,13
1174,1174,71,14
1175,1175,94,15
1176,1176,46,13
1177,1177,80,14
1178,1178,100,16
1179,1179,30,13
1180,1180,21,13
1181,1181,14,13
1182,1182,17,13
1183,1183,21,13
1184,1184,77,14
1185,1185,15,13
1186,1186,74,14
1187,1187,8,13
1188,1188,59,13
1189,1189,68,14
1190,1190,98,15
1191,1191,77,14
1192,1192,61,13
1193,1193,84,14
1194,1194,83,14
1195,1195,86,15
1196,1196,96,15
1197,1197,37,13
1198,1198,54,13
1199,1199,35,13
1200,1200,8,13
1201,1201,87,15
1202,1202,4,1
1203,1203,58,13
1204,1204,49,13
1205,1205,43,13
1206,1206,75,14
1207,1207,74,14
1208,1208,34,13
1209,1209,7,13
1210,1210,48,13
1211,1211,3,2
1212,1212,68,14
1213,1213,33,13
1214,1214,91,15
1215,1215,48,13
1216,1216,2,2
1217,1217,97,15
1218,1218,53,13
1219,1219,69,14
1220,1220,14,13
1221,1221,83,14
1222,1222,94,15
1223,1223,47,13
1224,1224,11,13
1225,1225,54,13
1226,1226,51,13
1227,1227,10,13
1228,1228,84,14
1229,1229,53,13
1230,1230,38,13
1231,1231,26,13
1232,1232,75,14
1233,1233,43,13
1234,1234,78,14
1235,1235,17,13
1236,1236,90,15
1237,1237,54,13
1238,1238,78,14
1239,1239,20,13
1240,1240,23,13
1241,1241,84,14
1242,1242,67,14
1243,1243,79,14
1244,1244,85,15
1245,1245,89,15
1246,1246,66,14
1247,1247,100,16
1248,1248,17,13
1249,1249,99,15
1250,1250,26,13
1251,1251,62,13
1252,1252,74,14
1253,1253,59,13
1254,1254,95,15
1255,1255,21,13
1256,1256,78,14
1257,1257,37,13
1258,1258,97,15
1259,1259,85,15
1260,1260,63,14
1261,1261,18,13
1262,1262,80,14
1263,1263,80,14
1264,1264,56,13
1265,1265,74,14
1266,1266,22,13
1267,1267,22,13
1268,1268,21,13
1269,1269,22,13
1270,1270,33,13
1271,1271,32,13
1272,1272,60,13
1273,1273,82,14
1274,1274,94,15
1275,1275,52,13
1276,1276,89,15
1277,1277,9,13
1278,1278,20,13
1279,1279,99,15
1280,1280,2,2
1281,1281,30,13
1282,1282,81,14
1283,1283,54,13
1284,1284,101,16
1285,1285,7,13
1286,1286,4,1
1287,1287,32,13
1288,1288,60,13
1289,1289,36,13
1290,1290,8,13
1291,1291,78,14
1292,1292,22,13
1293,1293,67,14
1294,1294,12,13
1295,1295,48,13
1296,1296,33,13
1297,1297,52,13
1298,1298,5,7
1299,1299,62,13
1300,1300,43,13
1301,1301,14,13
1302,1302,73,14
1303,1303,24,13
1304,1304,41,13
1305,1305,64,14
1306,1306,92,15
1307,1307,42,13
1308,1308,27,13
1309,1309,10,13
1310,1310,15,13
1311,1311,73,14
1312,1312,8,13
1313,1313,33,13
1314,1314,38,13
1315,1315,96,15
1316,1316,73,14
1317,1317,37,13
1318,1318,73,14
1319,1319,83,14
1320,1320,72,14
1321,1321,28,13
1322,1322,20,13
1323,1323,59,13
1324,1324,84,14
1325,1325,69,14
1326,1326,21,13
1327,1327,10,13
1328,1328,66,14
1329,1329,55,13
1330,1330,43,13
1331,1331,76,14
1332,1332,50,13
1333,1333,72,14
1334,1334,58,13
1335,1335,84,14
1336,1336,94,15
1337,1337,73,14
1338,1338,42,13
1339,1339,64,14
1340,1340,90,15
1341,1341,4,3
1342,1342,30,13
1343,1343,54,13
1344,1344,78,14
1345,1345,3,1
1346,1346,75,14
1347,1347,22,13
1348,1348,37,13
1349,1349,48,13
1350,1350,87,15
1351,1351,80,14
1352,1352,22,13
1353,1353,27,13
1354,1354,9,13
1355,1355,28,13
1356,1356,13,13
1357,1357,56,13
1358,1358,25,13
1359,1359,8,13
1360,1360,54,13
1361,1361,15,13
1362,1362,35,13
1363,1363,46,13
1364,1364,46,13
1365,1365,79,14
1366,1366,24,13
1367,1367,33,13
1368,1368,31,13
1369,1369,62,13
1370,1370,64,14
1371,1371,28,13
1372,1372,40,13
1373,1373,32,13
1374,1374,58,13
1375,1375,49,13
1376,1376,37,13
1377,1377,56,13
1378,1378,80,14
1379,1379,16,13
1380,1380,70,14
1381,1381,1,1
1382,1382,89,15
1383,1383,83,14
1384,1384,1,3
1385,1385,72,14
1386,1386,31,13
1387,1387,71,14
1388,1388,3,3
1389,1389,33,13
1390,1390,69,14
1391,1391,16,13
1392,1392,7,13
1393,1393,5,5
1394,1394,6,12
1395,1395,95,15
1396,1396,23,13
1397,1397,68,14
1398,1398,67,14
1399,1399,34,13
1400,1400,68,14
1401,1401,18,13
1402,1402,95,15
1403,1403,19,13
1404,1404,28,13
1405,1405,27,13
1406,1406,82,14
1407,1407,80,14
1408,1408,28,13
1409,1409,65,14
1410,1410,29,13
1411,1411,59,13
1412,1412,99,15
1413,1413,97,15
1414,1414,80,14
1415,1415,6,9
1416,1416,19,13
1417,1417,88,15
1418,1418,1,3
1419,1419,53,13
1420,1420,9,13
1421,1421,24,13
1422,1422,98,15
1423,1423,80,14
1424,1424,43,13
1425,1425,14,13
1426,1426,21,13
1427,1427,38,13
1428,1428,36,13
1429,1429,82,14
1430,1430,79,14
1431,1431,80,14
1432,1432,45,13
1433,1433,82,14
1434,1434,96,15
1435,1435,86,15
1436,1436,63,14
1437,1437,28,13
1438,1438,16,13
1439,1439,81,14
1440,1440,40,13
1441,1441,100,16
1442,1442,71,14
1443,1443,54,13
1444,1444,60,13
1445,1445,11,13
1446,1446,56,13
1447,1447,62,13
1448,1448,23,13
1449,1449,17,13
1450,1450,100,16
1451,1451,88,15
1452,1452,10,13
1453,1453,32,13
1454,1454,34,13
1455,1455,51,13
1456,1456,40,13
1457,1457,59,13
1458,1458,86,15
1459,1459,10,13
1460,1460,46,13
1461,1461,37,13
1462,1462,40,13
1463,1463,60,13
1464,1464,22,13
1465,1465,78,14
1466,1466,46,13
1467,1467,87,15
1468,1468,65,14
1469,1469,82,14
1470,1470,62,13
1471,1471,95,15
1472,1472,82,14
1473,1473,73,14
1474,1474,82,14
1475,1475,79,14
1476,1476,3,3
1477,1477,53,13
1478,1478,72,14
1479,1479,100,16
1480,1480,54,13
1481,1481,48,13
1482,1482,91,15
1483,1483,9,13
1484,1484,55,13
1485,1485,100,16
1486,1486,78,14
1487,1487,94,15
1488,1488,85,15
1489,1489,2,3
1490,1490,47,13
1491,1491,34,13
1492,1492,46,13
1493,1493,20,13
1494,1494,61,13
1495,1495,49,13
1496,1496,8,13
1497,1497,5,6
1498,1498,37,13
1499,1499,92,15
1500,1500,42,13
1501,1501,89,15
1502,1502,41,13
1503,1503,69,14
1504,1504,59,13
1505,1505,60,13
1506,1506,55,13
1507,1507,5,7
1508,1508,76,14
1509,1509,23,13
1510,1510,31,13
1511,1511,37,13
1512,1512,89,15
1513,1513,22,13
1514,1514,25,13
1515,1515,80,14
1516,1516,6,12
1517,1517,86,15
1518,1518,78,14
1519,1519,12,13
1520,1520,14,13
1521,1521,64,14
1522,1522,60,13
1523,1523,26,13
1524,1524,96,15
1525,1525,96,15
1526,1526,69,14
1527,1527,71,14
1528,1528,53,13
1529,1529,17,13
1530,1530,68,14
1531,1531,17,13
1532,1532,93,15
1533,1533,22,13
1534,1534,84,14
1535,1535,48,13
1536,1536,99,15
1537,1537,60,13
1538,1538,24,13
1539,1539,35,13
1540,1540,82,14
1541,1541,29,13
1542,1542,13,13
1543,1543,41,13
1544,1544,37,13
1545,1545,35,13
1546,1546,53,13
1547,1547,80,14
1548,1548,9,13
1549,1549,24,13
1550,1550,71,14
1551,1551,92,15
1552,1552,63,14
1553,1553,86,15
1554,1554,9,13
1555,1555,59,13
1556,1556,68,14
1557,1557,80,14
1558,1558,95,15
1559,1559,21,13
1560,1560,88,15
1561,1561,18,13
1562,1562,35,13
1563,1563,19,13
1564,1564,82,14
1565,1565,2,3
1566,1566,70,14
1567,1567,38,13
1568,1568,54,13
1569,1569,79,14
1570,1570,93,15
1571,1571,86,15
1572,1572,62,13
1573,1573,53,13
1574,1574,89,15
1575,1575,4,1
1576,1576,71,14
1577,1577,14,13
1578,1578,63,14
1579,1579,34,13
1580,1580,49,13
1581,1581,64,14
1582,1582,17,13
1583,1583,80,14
1584,1584,90,15
1585,1585,87,15
1586,1586,24,13
1587,1587,72,14
1588,1588,32,13
1589,1589,51,13
1590,1590,58,13
1591,1591,35,13
1592,1592,39,13
1593,1593,61,13
1594,1594,87,15
1595,1595,24,13
1596,1596,29,13
1597,1597,27,13
1598,1598,7,13
1599,1599,89,15
1600,1600,47,13
1601,1601,91,15
1602,1602,70,14
1603,1603,83,14
1604,1604,46,13
1605,1605,70,14
1606,1606,92,15
1607,1607,86,15
1608,1608,59,13
1609,1609,16,13
1610,1610,98,15
1611,1611,46,13
1612,1612,98,15
1613,1613,25,13
1614,1614,54,13
1615,1615,98,15
1616,1616,64,14
1617,1617,2,1
1618,1618,90,15
1619,1619,46,13
1620,1620,73,14
1621,1621,29,13
1622,1622,101,16
1623,1623,73,14
1624,1624,84,14
1625,1625,43,13
1626,1626,92,15
1627,1627,8,13
1628,1628,31,13
1629,1629,79,14
1630,1630,52,13
1631,1631,80,14
1632,1632,91,15
1633,1633,78,14
1634,1634,67,14
1635,1635,24,13
1636,1636,68,14
1637,1637,75,14
1638,1638,21,13
1639,1639,18,13
1640,1640,2,2
1641,1641,97,15
1642,1642,47,13
1643,1643,84,14
1644,1644,32,13
1645,1645,27,13
1646,1646,32,13
1647,1647,34,13
1648,1648,1,4
1649,1649,71,14
1650,1650,80,14
1651,1651,27,13
1652,1652,53,13
1653,1653,78,14
1654,1654,22,13
1655,1655,30,13
1656,1656,91,15
1657,1657,11,13
1658,1658,81,14
1659,1659,83,14
1660,1660,86,15
1661,1661,57,13
1662,1662,87,15
1663,1663,53,13
1664,1664,40,13
1665,1665,19,13
1666,1666,20,13
1667,1667,3,1
1668,1668,62,13
1669,1669,2,1
1670,1670,10,13
1671,1671,39,13
1672,1672,42,13
1673,1673,27,13
1674,1674,7,13
1675,1675,32,13
1676,1676,88,15
1677,1677,85,15
1678,1678,11,13
1679,1679,25,13
1680,1680,50,13
1681,1681,92,15
1682,1682,75,14
1683,1683,78,14
1684,1684,99,15
1685,1685,100,16
1686,1686,18,13
1687,1687,77,14
1688,1688,12,13
1689,1689,67,14
1690,1690,47,13
1691,1691,58,13
1692,1692,69,14
1693,1693,4,4
1694,1694,49,13
1695,1695,80,14
1696,1696,41,13
1697,1697,55,13
1698,1698,73,14
1699,1699,23,13
1700,1700,19,13
1701,1701,92,15
1702,1702,18,13
1703,1703,9,13
1704,1704,89,15
1705,1705,44,13
1706,1706,59,13
1707,1707,75,14
1708,1708,26,13
1709,1709,41,13
1710,1710,49,13
1711,1711,32,13
1712,1712,14,13
1713,1713,50,13
1714,1714,2,2
1715,1715,49,13
1716,1716,23,13
1717,1717,40,13
1718,1718,18,13
1719,1719,85,15
1720,1720,44,13
1721,1721,42,13
1722,1722,91,15
1723,1723,7,13
1724,1724,32,13
1725,1725,1,3
1726,1726,77,14
1727,1727,36,13
1728,1728,100,16
1729,1729,11,13
1730,1730,42,13
1731,1731,20,13
1732,1732,16,13
1733,1733,46,13
1734,1734,90,15
1735,1735,32,13
1736,1736,83,14
1737,1737,17,13
1738,1738,11,13
1739,1739,25,13
1740,1740,82,14
1741,1741,76,14
1742,1742,71,14
1743,1743,6,9
1744,1744,63,14
1745,1745,99,15
1746,1746,9,13
1747,1747,41,13
1748,1748,95,15
1749,1749,15,13
1750,1750,64,14
1751,1751,9,13
1752,1752,59,13
1753,1753,55,13
1754,1754,22,13
1755,1755,52,13
1756,1756,19,13
1757,1757,42,13
1758,1758,48,13
1759,1759,41,13
1760,1760,60,13
1761,1761,43,13
1762,1762,73,14
1763,1763,87,15
1764,1764,31,13
1765,1765,22,13
1766,1766,74,14
1767,1767,78,14
1768,1768,57,13
1769,1769,54,13
1770,1770,75,14
1771,1771,80,14
1772,1772,85,15
1773,1773,6,10
1774,1774,21,13
1775,1775,60,13
1776,1776,40,13
1777,1777,36,13
1778,1778,36,13
1779,1779,4,2
1780,1780,42,13
1781,1781,18,13
1782,1782,57,13
1783,1783,68,14
1784,1784,36,13
1785,1785,5,8
1786,1786,33,13
1787,1787,27,13
1788,1788,91,15
1789,1789,59,13
1790,1790,87,15
1791,1791,6,12
1792,1792,50,13
1793,1793,56,13
1794,1794,11,13
1795,1795,94,15
1796,1796,7,13
1797,1797,81,14
1798,1798,24,13
1799,1799,60,13
1800,1800,57,13
1801,1801,40,13
1802,1802,101,16
1803,1803,71,14
1804,1804,1,1
1805,1805,89,15
1806,1806,64,14
1807,1807,96,15
1808,1808,63,14
1809,1809,59,13
1810,1810,101,16
1811,1811,17,13
1812,1812,35,13
1813,1813,63,14
1814,1814,76,14
1815,1815,45,13
1816,1816,33,13
1817,1817,50,13
1818,1818,24,13
1819,1819,21,13
1820,1820,91,15
1821,1821,33,13
1822,1822,93,15
1823,1823,85,15
1824,1824,7,13
1825,1825,84,14
1826,1826,21,13
1827,1827,9,13
1828,1828,43,13
1829,1829,15,13
1830,1830,70,14
1831,1831,18,13
1832,1832,73,14
1833,1833,80,14
1834,1834,2,3
1835,1835,57,13
1836,1836,36,13
1837,1837,13,13
1838,1838,10,13
1839,1839,93,15
1840,1840,57,13
1841,1841,40,13
1842,1842,16,13
1843,1843,89,15
1844,1844,58,13
1845,1845,67,14
1846,1846,30,13
1847,1847,32,13
1848,1848,34,13
1849,1849,88,15
1850,1850,55,13
1851,1851,40,13
1852,1852,40,13
1853,1853,25,13
1854,1854,79,14
1855,1855,59,13
1856,1856,38,13
1857,1857,7,13
1858,1858,75,14
1859,1859,13,13
1860,1860,7,13
1861,1861,16,13
1862,1862,99,15
1863,1863,59,13
1864,1864,4,4
1865,1865,28,13
1866,1866,16,13
1867,1867,9,13
1868,1868,77,14
1869,1869,35,13
1870,1870,6,11
1871,1871,33,13
1872,1872,35,13
1873,1873,69,14
1874,1874,65,14
1875,1875,86,15
1876,1876,68,14
1877,1877,36,13
1878,1878,100,16
1879,1879,68,14
1880,1880,62,13
1881,1881,76,14
1882,1882,97,15
1883,1883,44,13
1884,1884,41,13
1885,1885,81,14
1886,1886,98,15
1887,1887,74,14
1888,1888,55,13
1889,1889,43,13
1890,1890,83,14
1891,1891,21,13
1892,1892,34,13
1893,1893,72,14
1894,1894,1,4
1895,1895,11,13
1896,1896,63,14
1897,1897,96,15
1898,1898,10,13
1899,1899,55,13
1900,1900,67,14
1901,1901,99,15
1902,1902,100,16
1903,1903,33,13
1904,1904,17,13
1905,1905,63,14
1906,1906,87,15
1907,1907,72,14
1908,1908,30,13
1909,1909,71,14
1910,1910,75,14
1911,1911,45,13
1912,1912,39,13
1913,1913,49,13
1914,1914,101,16
1915,1915,61,13
1916,1916,36,13
1917,1917,49,13
1918,1918,87,15
1919,1919,77,14
1920,1920,15,13
1921,1921,60,13
1922,1922,80,14
1923,1923,50,13
1924,1924,21,13
1925,1925,35,13
1926,1926,11,13
1927,1927,56,13
1928,1928,33,13
1929,1929,32,13
1930,1930,97,15
1931,1931,91,15
1932,1932,78,14
1933,1933,44,13
1934,1934,43,13
1935,1935,83,14
1936,1936,91,15
1937,1937,22,13
1938,1938,20,13
1939,1939,78,14
1940,1940,57,13
1941,1941,71,14
1942,1942,59,13
1943,1943,53,13
1944,1944,18,13
1945,1945,53,13
1946,1946,33,13
1947,1947,48,13
1948,1948,11,13
1949,1949,43,13
1950,1950,16,13
1951,1951,45,13
1952,1952,26,13
1953,1953,17,13
1954,1954,94,15
1955,1955,32,13
1956,1956,33,13
1957,1957,100,16
1958,1958,45,13
1959,1959,62,13
1960,1960,97,15
1961,1961,4,4
1962,1962,68,14
1963,1963,57,13
1964,1964,37,13
1965,1965,64,14
1966,1966,37,13
1967,1967,64,14
1968,1968,34,13
1969,1969,2,4
1970,1970,40,13
1971,1971,41,13
1972,1972,66,14
1973,1973,92,15
1974,1974,26,13
1975,1975,25,13
1976,1976,42,13
1977,1977,27,13
1978,1978,9,13
1979,1979,46,13
1980,1980,3,3
1981,1981,73,14
1982,1982,56,13
1983,1983,41,13
1984,1984,16,13
1985,1985,90,15
1986,1986,58,13
1987,1987,63,14
1988,1988,34,13
1989,1989,83,14
1990,1990,60,13
1991,1991,26,13
1992,1992,44,13
1993,1993,64,14
1994,1994,68,14
1995,1995,11,13
1996,1996,43,13
1997,1997,75,14
1998,1998,3,1
1999,1999,99,15
2000,2000,65,14
2001,2001,88,15
2002,2002,53,13
2003,2003,92,15
2004,2004,86,15
2005,2005,45,13
2006,2006,54,13
2007,2007,43,13
2008,2008,35,13
2009,2009,30,13
2010,2010,36,13
2011,2011,14,13
2012,2012,44,13
2013,2013,47,13
2014,2014,73,14
2015,2015,18,13
2016,2016,45,13
2017,2017,94,15
2018,2018,11,13
2019,2019,57,13
2020,2020,64,14
2021,2021,11,13
2022,2022,4,1
2023,2023,34,13
2024,2024,35,13
2025,2025,8,13
2026,2026,47,13
2027,2027,31,13
2028,2028,49,13
2029,2029,1,4
2030,2030,36,13
2031,2031,50,13
2032,2032,77,14
2033,2033,6,11
2034,2034,50,13
2035,2035,100,16
2036,2036,69,14
2037,2037,12,13
2038,2038,36,13
2039,2039,54,13
2040,2040,50,13
2041,2041,91,15
2042,2042,84,14
2043,2043,100,16
2044,2044,36,13
2045,2045,63,14
2046,2046,92,15
2047,2047,43,13
2048,2048,75,14
2049,2049,20,13
2050,2050,6,9
2051,2051,51,13
2052,2052,48,13
2053,2053,50,13
2054,2054,30,13
2055,2055,20,13
2056,2056,73,14
2057,2057,96,15
2058,2058,94,15
2059,2059,7,13
2060,2060,81,14
2061,2061,10,13
2062,2062,63,14
2063,2063,99,15
2064,2064,81,14
2065,2065,66,14
2066,2066,98,15
2067,2067,93,15
2068,2068,97,15
2069,2069,1,2
2070,2070,11,13
2071,2071,61,13
2072,2072,72,14
2073,2073,20,13
2074,2074,26,13
2075,2075,89,15
2076,2076,39,13
2077,2077,97,15
2078,2078,79,14
2079,2079,57,13
2080,2080,41,13
2081,2081,18,13
2082,2082,3,1
2083,2083,69,14
2084,2084,94,15
2085,2085,97,15
2086,2086,8,13
2087,2087,5,5
2088,2088,18,13
2089,2089,11,13
2090,2090,5,5
2091,2091,49,13
2092,2092,25,13
2093,2093,44,13
2094,2094,79,14
2095,2095,20,13
2096,2096,43,13
2097,2097,78,14
2098,2098,71,14
2099,2099,49,13
2100,2100,53,13
2101,2101,33,13
2102,2102,23,13
2103,2103,83,14
2104,2104,85,15
2105,2105,11,13
2106,2106,46,13
2107,2107,22,13
2108,2108,69,14
2109,2109,23,13
2110,2110,26,13
2111,2111,15,13
2112,2112,91,15
2113,2113,40,13
2114,2114,88,15
2115,2115,42,13
2116,2116,27,13
2117,2117,51,13
2118,2118,76,14
2119,2119,36,13
2120,2120,25,13
2121,2121,93,15
2122,2122,58,13
2123,2123,68,14
2124,2124,42,13
2125,2125,77,14
2126,2126,4,1
2127,2127,4,3
2128,2128,80,14
2129,2129,26,13
2130,2130,63,14
2131,2131,74,14
2132,2132,86,15
2133,2133,16,13
2134,2134,44,13
2135,2135,94,15
2136,2136,62,13
2137,2137,54,13
2138,2138,52,13
2139,2139,94,15
2140,2140,94,15
2141,2141,82,14
2142,2142,29,13
2143,2143,80,14
2144,2144,18,13
2145,2145,80,14
2146,2146,88,15
2147,2147,59,13
2148,2148,4,3
2149,2149,46,13
2150,2150,18,13
2151,2151,45,13
2152,2152,89,15
2153,2153,12,13
2154,2154,41,13
2155,2155,70,14
2156,2156,99,15
2157,2157,81,14
2158,2158,35,13
2159,2159,47,13
2160,2160,72,14
2161,2161,98,15
2162,2162,89,15
2163,2163,35,13
2164,2164,96,15
2165,2165,32,13
2166,2166,69,14
2167,2167,79,14
2168,2168,71,14
2169,2169,68,14
2170,2170,43,13
2171,2171,55,13
2172,2172,93,15
2173,2173,81,14
2174,2174,20,13
2175,2175,60,13
2176,2176,101,16
2177,2177,27,13
2178,2178,99,15
2179,2179,36,13
2180,2180,47,13
2181,2181,18,13
2182,2182,96,15
2183,2183,15,13
2184,2184,63,14
2185,2185,63,14
2186,2186,4,3
2187,2187,99,15
2188,2188,43,13
2189,2189,66,14
2190,2190,79,14
2191,2191,43,13
2192,2192,39,13
2193,2193,76,14
2194,2194,70,14
2195,2195,46,13
2196,2196,87,15
2197,2197,71,14
2198,2198,5,5
2199,2199,11,13
2200,2200,28,13
2201,2201,81,14
2202,2202,37,13
2203,2203,3,3
2204,2204,13,13
2205,2205,32,13
2206,2206,66,14
2207,2207,60,13
2208,2208,5,7
2209,2209,62,13
2210,2210,14,13
2211,2211,95,15
2212,2212,69,14
2213,2213,78,14
2214,2214,31,13
2215,2215,61,13
2216,2216,50,13
2217,2217,61,13
2218,2218,24,13
2219,2219,87,15
2220,2220,9,13
2221,2221,46,13
2222,2222,55,13
2223,2223,68,14
2224,2224,13,13
2225,2225,17,13
2226,2226,80,14
2227,2227,92,15
2228,2228,61,13
2229,2229,49,13
2230,2230,79,14
2231,2231,44,13
2232,2232,91,15
2233,2233,7,13
2234,2234,46,13
2235,2235,18,13
2236,2236,80,14
2237,2237,30,13
2238,2238,21,13
2239,2239,62,13
2240,2240,91,15
2241,2241,98,15
2242,2242,57,13
2243,2243,80,14
2244,2244,83,14
2245,2245,33,13
2246,2246,53,13
2247,2247,88,15
2248,2248,3,3
2249,2249,16,13
2250,2250,67,14
2251,2251,15,13
2252,2252,48,13
2253,2253,9,13
2254,2254,85,15
2255,2255,54,13
2256,2256,52,13
2257,2257,23,13
2258,2258,51,13
2259,2259,25,13
2260,2260,82,14
2261,2261,51,13
2262,2262,69,14
2263,2263,70,14
2264,2264,50,13
2265,2265,55,13
2266,2266,4,4
2267,2267,2,3
2268,2268,6,11
2269,2269,88,15
2270,2270,58,13
2271,2271,52,13
2272,2272,75,14
2273,2273,47,13
2274,2274,93,15
2275,2275,78,14
2276,2276,56,13
2277,2277,87,15
2278,2278,89,15
2279,2279,72,14
2280,2280,86,15
2281,2281,64,14
2282,2282,96,15
2283,2283,91,15
2284,2284,92,15
2285,2285,55,13
2286,2286,58,13
2287,2287,82,14
2288,2288,35,13
2289,2289,32,13
2290,2290,41,13
2291,2291,81,14
2292,2292,76,14
2293,2293,23,13
2294,2294,48,13
2295,2295,24,13
2296,2296,21,13
2297,2297,48,13
2298,2298,89,15
2299,2299,3,1
2300,2300,30,13
2301,2301,32,13
2302,2302,13,13
2303,2303,37,13
2304,2304,30,13
2305,2305,45,13
2306,2306,96,15
2307,2307,82,14
2308,2308,33,13
2309,2309,62,13
2310,2310,50,13
2311,2311,76,14
2312,2312,28,13
2313,2313,13,13
2314,2314,72,14
2315,2315,40,13
2316,2316,84,14
2317,2317,85,15
2318,2318,32,13
2319,2319,70,14
2320,2320,32,13
2321,2321,18,13
2322,2322,88,15
2323,2323,61,13
2324,2324,68,14
2325,2325,8,13
2326,2326,90,15
2327,2327,79,14
2328,2328,9,13
2329,2329,101,16
2330,2330,20,13
2331,2331,2,3
2332,2332,90,15
2333,2333,29,13
2334,2334,98,15
2335,2335,17,13
2336,2336,80,14
2337,2337,10,13
2338,2338,43,13
2339,2339,67,14
2340,2340,90,15
2341,2341,53,13
2342,2342,41,13
2343,2343,100,16
2344,2344,44,13
2345,2345,13,13
2346,2346,74,14
2347,2347,72,14
2348,2348,54,13
2349,2349,73,14
2350,2350,42,13
2351,2351,31,13
2352,2352,27,13
2353,2353,28,13
2354,2354,95,15
2355,2355,59,13
2356,2356,68,14
2357,2357,12,13
2358,2358,95,15
2359,2359,69,14
2360,2360,34,13
2361,2361,69,14
2362,2362,1,2
2363,2363,4,3
2364,2364,54,13
2365,2365,34,13
2366,2366,27,13
2367,2367,45,13
2368,2368,63,14
2369,2369,66,14
2370,2370,97,15
2371,2371,74,14
2372,2372,48,13
2373,2373,83,14
2374,2374,69,14
2375,2375,27,13
2376,2376,52,13
2377,2377,81,14
2378,2378,56,13
2379,2379,46,13
2380,2380,80,14
2381,2381,43,13
2382,2382,52,13
2383,2383,70,14
2384,2384,69,14
2385,2385,21,13
2386,2386,50,13
2387,2387,61,13
2388,2388,72,14
2389,2389,91,15
2390,2390,30,13
2391,2391,67,14
2392,2392,39,13
2393,2393,80,14
2394,2394,48,13
2395,2395,80,14
2396,2396,27,13
2397,2397,89,15
2398,2398,35,13
2399,2399,19,13
2400,2400,24,13
2401,2401,82,14
2402,2402,32,13
2403,2403,91,15
2404,2404,70,14
2405,2405,24,13
2406,2406,87,15
2407,2407,88,15
2408,2408,22,13
2409,2409,93,15
2410,2410,82,14
2411,2411,38,13
2412,2412,3,1
2413,2413,7,13
2414,2414,87,15
2415,2415,20,13
2416,2416,11,13
2417,2417,75,14
2418,2418,70,14
2419,2419,62,13
2420,2420,88,15
2421,2421,70,14
2422,2422,84,14
2423,2423,77,14
2424,2424,86,15
2425,2425,101,16
2426,2426,15,13
2427,2427,51,13
2428,2428,24,13
2429,2429,50,13
2430,2430,7,13
2431,2431,27,13
2432,2432,18,13
2433,2433,66,14
2434,2434,18,13
2435,2435,27,13
2436,2436,34,13
2437,2437,84,14
2438,2438,34,13
2439,2439,50,13
2440,2440,18,13
2441,2441,60,13
2442,2442,58,13
2443,2443,14,13
2444,2444,63,14
2445,2445,91,15
2446,2446,43,13
2447,2447,48,13
2448,2448,54,13
2449,2449,7,13
2450,2450,54,13
2451,2451,29,13
2452,2452,59,13
2453,2453,59,13
2454,2454,60,13
2455,2455,92,15
2456,2456,94,15
2457,2457,34,13
2458,2458,1,2
2459,2459,65,14
2460,2460,39,13
2461,2461,63,14
2462,2462,82,14
2463,2463,30,13
2464,2464,74,14
2465,2465,8,13
2466,2466,91,15
2467,2467,17,13
2468,2468,64,14
2469,2469,34,13
2470,2470,95,15
2471,2471,71,14
2472,2472,56,13
2473,2473,78,14
2474,2474,9,13
2475,2475,28,13
2476,2476,51,13
2477,2477,77,14
2478,2478,55,13
2479,2479,66,14
2480,2480,11,13
2481,2481,66,14
2482,2482,14,13
2483,2483,40,13
2484,2484,13,13
2485,2485,95,15
2486,2486,38,13
2487,2487,14,13
2488,2488,45,13
2489,2489,30,13
2490,2490,72,14
2491,2491,32,13
2492,2492,16,13
2493,2493,40,13
2494,2494,88,15
2495,2495,14,13
2496,2496,89,15
2497,2497,64,14
2498,2498,40,13
2499,2499,78,14
2500,2500,63,14
2501,2501,70,14
2502,2502,44,13
2503,2503,7,13
2504,2504,77,14
2505,2505,34,13
2506,2506,99,15
2507,2507,50,13
2508,2508,56,13
2509,2509,84,14
2510,2510,60,13
2511,2511,44,13
2512,2512,55,13
2513,2513,51,13
2514,2514,33,13
2515,2515,63,14
2516,2516,68,14
2517,2517,7,13
2518,2518,6,12
2519,2519,32,13
2520,2520,101,16
2521,2521,56,13
2522,2522,66,14
2523,2523,30,13
2524,2524,33,13
2525,2525,39,13
2526,2526,49,13
2527,2527,91,15
2528,2528,46,13
2529,2529,9,13
2530,2530,58,13
2531,2531,6,10
2532,2532,52,13
2533,2533,18,13
2534,2534,66,14
2535,2535,51,13
2536,2536,6,11
2537,2537,30,13
2538,2538,67,14
2539,2539,89,15
2540,2540,98,15
2541,2541,71,14
2542,2542,72,14
2543,2543,18,13
2544,2544,10,13
2545,2545,8,13
2546,2546,48,13
2547,2547,21,13
2548,2548,39,13
2549,2549,3,2
2550,2550,53,13
2551,2551,51,13
2552,2552,100,16
2553,2553,83,14
2554,2554,33,13
2555,2555,79,14
2556,2556,34,13
2557,2557,100,16
2558,2558,8,13
2559,2559,20,13
2560,2560,80,14
2561,2561,69,14
2562,2562,22,13
2563,2563,39,13
2564,2564,70,14
2565,2565,90,15
2566,2566,75,14
2567,2567,53,13
2568,2568,23,13
2569,2569,83,14
2570,2570,42,13
2571,2571,29,13
2572,2572,43,13
2573,2573,6,10
2574,2574,31,13
2575,2575,69,14
2576,2576,88,15
2577,2577,61,13
2578,2578,81,14
2579,2579,69,14
2580,2580,20,13
2581,2581,40,13
2582,2582,97,15
2583,2583,67,14
2584,2584,65,14
2585,2585,16,13
2586,2586,58,13
2587,2587,53,13
2588,2588,13,13
2589,2589,38,13
2590,2590,60,13
2591,2591,81,14
2592,2592,73,14
2593,2593,10,13
2594,2594,74,14
2595,2595,73,14
2596,2596,86,15
2597,2597,96,15
2598,2598,36,13
2599,2599,66,14
2600,2600,7,13
2601,2601,72,14
2602,2602,25,13
2603,2603,21,13
2604,2604,56,13
2605,2605,53,13
2606,2606,76,14
2607,2607,32,13
2608,2608,1,3
2609,2609,40,13
2610,2610,78,14
2611,2611,96,15
2612,2612,4,4
2613,2613,23,13
2614,2614,38,13
2615,2615,29,13
2616,2616,85,15
2617,2617,53,13
2618,2618,47,13
2619,2619,21,13
2620,2620,30,13
2621,2621,84,14
2622,2622,44,13
2623,2623,82,14
2624,2624,41,13
2625,2625,58,13
2626,2626,15,13
2627,2627,33,13
2628,2628,94,15
2629,2629,78,14
2630,2630,51,13
2631,2631,71,14
2632,2632,31,13
2633,2633,75,14
2634,2634,44,13
2635,2635,91,15
2636,2636,33,13
2637,2637,65,14
2638,2638,60,13
2639,2639,86,15
2640,2640,7,13
2641,2641,53,13
2642,2642,96,15
2643,2643,31,13
2644,2644,65,14
2645,2645,41,13
2646,2646,14,13
2647,2647,95,15
2648,2648,38,13
2649,2649,19,13
2650,2650,70,14
2651,2651,76,14
2652,2652,91,15
2653,2653,38,13
2654,2654,37,13
2655,2655,19,13
2656,2656,93,15
2657,2657,60,13
2658,2658,48,13
2659,2659,52,13
2660,2660,91,15
2661,2661,48,13
2662,2662,95,15
2663,2663,90,15
2664,2664,22,13
2665,2665,70,14
2666,2666,95,15
2667,2667,3,4
2668,2668,3,1
2669,2669,49,13
2670,2670,20,13
2671,2671,36,13
2672,2672,47,13
2673,2673,16,13
2674,2674,83,14
2675,2675,94,15
2676,2676,51,13
2677,2677,53,13
2678,2678,38,13
2679,2679,78,14
2680,2680,93,15
2681,2681,71,14
2682,2682,86,15
2683,2683,31,13
2684,2684,25,13
2685,2685,3,2
2686,2686,1,2
2687,2687,63,14
2688,2688,33,13
2689,2689,1,3
2690,2690,94,15
2691,2691,27,13
2692,2692,59,13
2693,2693,38,13
2694,2694,66,14
2695,2695,22,13
2696,2696,57,13
2697,2697,60,13
2698,2698,55,13
2699,2699,91,15
2700,2700,23,13
2701,2701,61,13
2702,2702,14,13
2703,2703,63,14
2704,2704,68,14
2705,2705,3,2
2706,2706,12,13
2707,2707,27,13
2708,2708,9,13
2709,2709,9,13
2710,2710,2,3
2711,2711,48,13
2712,2712,68,14
2713,2713,29,13
2714,2714,27,13
2715,2715,31,13
2716,2716,5,8
2717,2717,72,14
2718,2718,99,15
2719,2719,79,14
2720,2720,47,13
2721,2721,60,13
2722,2722,49,13
2723,2723,57,13
2724,2724,3,3
2725,2725,51,13
2726,2726,34,13
2727,2727,16,13
2728,2728,5,6
2729,2729,15,13
2730,2730,48,13
2731,2731,17,13
2732,2732,55,13
2733,2733,93,15
2734,2734,50,13
2735,2735,41,13
2736,2736,3,4
2737,2737,71,14
2738,2738,15,13
2739,2739,80,14
2740,2740,85,15
2741,2741,86,15
2742,2742,22,13
2743,2743,42,13
2744,2744,101,16
2745,2745,79,14
2746,2746,36,13
2747,2747,71,14
2748,2748,90,15
2749,2749,38,13
2750,2750,4,1
2751,2751,27,13
2752,2752,41,13
2753,2753,31,13
2754,2754,71,14
2755,2755,82,14
2756,2756,38,13
2757,2757,43,13
2758,2758,101,16
2759,2759,78,14
2760,2760,55,13
2761,2761,94,15
2762,2762,35,13
2763,2763,19,13
2764,2764,10,13
2765,2765,44,13
2766,2766,44,13
2767,2767,65,14
2768,2768,38,13
2769,2769,30,13
2770,2770,29,13
2771,2771,11,13
2772,2772,2,3
2773,2773,16,13
2774,2774,39,13
2775,2775,26,13
2776,2776,17,13
2777,2777,24,13
2778,2778,32,13
2779,2779,77,14
2780,2780,100,16
2781,2781,83,14
2782,2782,39,13
2783,2783,55,13
2784,2784,83,14
2785,2785,47,13
2786,2786,62,13
2787,2787,83,14
2788,2788,41,13
2789,2789,21,13
2790,2790,23,13
2791,2791,51,13
2792,2792,98,15
2793,2793,2,4
2794,2794,40,13
2795,2795,39,13
2796,2796,26,13
2797,2797,72,14
2798,2798,77,14
2799,2799,15,13
2800,2800,11,13
2801,2801,34,13
2802,2802,67,14
2803,2803,4,4
2804,2804,42,13
2805,2805,16,13
2806,2806,1,3
2807,2807,89,15
2808,2808,13,13
2809,2809,56,13
2810,2810,30,13
2811,2811,101,16
2812,2812,59,13
2813,2813,52,13
2814,2814,98,15
2815,2815,27,13
2816,2816,100,16
2817,2817,4,1
2818,2818,59,13
2819,2819,93,15
2820,2820,59,13
2821,2821,77,14
2822,2822,73,14
2823,2823,47,13
2824,2824,17,13
2825,2825,56,13
2826,2826,7,13
2827,2827,35,13
2828,2828,10,13
2829,2829,29,13
2830,2830,92,15
2831,2831,79,14
2832,2832,2,3
2833,2833,76,14
2834,2834,51,13
2835,2835,52,13
2836,2836,56,13
2837,2837,92,15
2838,2838,64,14
2839,2839,72,14
2840,2840,91,15
2841,2841,23,13
2842,2842,9,13
2843,2843,53,13
2844,2844,62,13
2845,2845,27,13
2846,2846,60,13
2847,2847,47,13
2848,2848,12,13
2849,2849,54,13
2850,2850,98,15
2851,2851,97,15
2852,2852,19,13
2853,2853,22,13
2854,2854,45,13
2855,2855,2,1
2856,2856,40,13
2857,2857,100,16
2858,2858,71,14
2859,2859,56,13
2860,2860,17,13
2861,2861,56,13
2862,2862,1,3
2863,2863,83,14
2864,2864,24,13
2865,2865,7,13
2866,2866,54,13
2867,2867,14,13
2868,2868,100,16
2869,2869,29,13
2870,2870,8,13
2871,2871,67,14
2872,2872,16,13
2873,2873,58,13
2874,2874,96,15
2875,2875,97,15
2876,2876,30,13
2877,2877,70,14
2878,2878,55,13
2879,2879,62,13
2880,2880,69,14
2881,2881,15,13
2882,2882,54,13
2883,2883,26,13
2884,2884,91,15
2885,2885,75,14
2886,2886,19,13
2887,2887,4,4
2888,2888,45,13
2889,2889,54,13
2890,2890,86,15
2891,2891,27,13
2892,2892,97,15
2893,2893,62,13
2894,2894,52,13
2895,2895,89,15
2896,2896,19,13
2897,2897,52,13
2898,2898,43,13
2899,2899,6,10
2900,2900,40,13
2901,2901,34,13
2902,2902,2,3
2903,2903,39,13
2904,2904,37,13
2905,2905,53,13
2906,2906,73,14
2907,2907,12,13
2908,2908,85,15
2909,2909,93,15
2910,2910,96,15
2911,2911,93,15
2912,2912,98,15
2913,2913,56,13
2914,2914,59,13
2915,2915,75,14
2916,2916,71,14
2917,2917,5,8
2918,2918,69,14
2919,2919,2,4
2920,2920,17,13
2921,2921,54,13
2922,2922,38,13
2923,2923,84,14
2924,2924,7,13
2925,2925,80,14
2926,2926,18,13
2927,2927,43,13
2928,2928,63,14
2929,2929,68,14
2930,2930,51,13
2931,2931,51,13
2932,2932,36,13
2933,2933,7,13
2934,2934,96,15
2935,2935,83,14
2936,2936,24,13
2937,2937,58,13
2938,2938,64,14
2939,2939,83,14
2940,2940,28,13
2941,2941,73,14
2942,2942,25,13
2943,2943,11,13
2944,2944,52,13
2945,2945,87,15
2946,2946,61,13
2947,2947,94,15
2948,2948,26,13
2949,2949,34,13
2950,2950,6,11
2951,2951,52,13
2952,2952,64,14
2953,2953,85,15
2954,2954,73,14
2955,2955,9,13
2956,2956,66,14
2957,2957,89,15
2958,2958,16,13
2959,2959,25,13
2960,2960,89,15
2961,2961,78,14
2962,2962,93,15
2963,2963,41,13
2964,2964,43,13
2965,2965,27,13
2966,2966,79,14
2967,2967,71,14
2968,2968,49,13
2969,2969,7,13
2970,2970,28,13
2971,2971,86,15
2972,2972,73,14
2973,2973,62,13
2974,2974,83,14
2975,2975,89,15
2976,2976,93,15
2977,2977,77,14
2978,2978,5,8
2979,2979,97,15
2980,2980,82,14
2981,2981,66,14
2982,2982,45,13
2983,2983,47,13
2984,2984,21,13
2985,2985,58,13
2986,2986,13,13
2987,2987,39,13
2988,2988,7,13
2989,2989,50,13
2990,2990,83,14
2991,2991,73,14
2992,2992,101,16
2993,2993,63,14
2994,2994,65,14
2995,2995,44,13
2996,2996,48,13
2997,2997,30,13
2998,2998,79,14
2999,2999,85,15
3000,3000,42,13
3001,3001,72,14
3002,3002,57,13
3003,3003,22,13
3004,3004,80,14
3005,3005,56,13
3006,3006,19,13
3007,3007,61,13
3008,3008,94,15
3009,3009,12,13
3010,3010,22,13
3011,3011,31,13
3012,3012,72,14
3013,3013,46,13
3014,3014,40,13
3015,3015,93,15
3016,3016,71,14
3017,3017,27,13
3018,3018,46,13
3019,3019,85,15
3020,3020,17,13
3021,3021,88,15
3022,3022,68,14
3023,3023,39,13
3024,3024,35,13
3025,3025,58,13
3026,3026,77,14
3027,3027,92,15
3028,3028,59,13
3029,3029,18,13
3030,3030,42,13
3031,3031,68,14
3032,3032,61,13
3033,3033,93,15
3034,3034,70,14
3035,3035,61,13
3036,3036,16,13
3037,3037,16,13
3038,3038,85,15
3039,3039,91,15
3040,3040,40,13
3041,3041,54,13
3042,3042,43,13
3043,3043,39,13
3044,3044,58,13
3045,3045,87,15
3046,3046,85,15
3047,3047,24,13
3048,3048,76,14
3049,3049,11,13
3050,3050,46,13
3051,3051,14,13
3052,3052,71,14
3053,3053,54,13
3054,3054,90,15
3055,3055,65,14
3056,3056,46,13
3057,3057,49,13
3058,3058,80,14
3059,3059,81,14
3060,3060,55,13
3061,3061,84,14
3062,3062,58,13
3063,3063,81,14
3064,3064,47,13
3065,3065,68,14
3066,3066,49,13
3067,3067,27,13
3068,3068,20,13
3069,3069,63,14
3070,3070,8,13
3071,3071,67,14
3072,3072,19,13
3073,3073,73,14
3074,3074,52,13
3075,3075,42,13
3076,3076,29,13
3077,3077,69,14
3078,3078,66,14
3079,3079,76,14
3080,3080,52,13
3081,3081,80,14
3082,3082,70,14
3083,3083,75,14
3084,3084,78,14
3085,3085,85,15
3086,3086,77,14
3087,3087,76,14
3088,3088,74,14
3089,3089,63,14
3090,3090,79,14
3091,3091,28,13
3092,3092,75,14
3093,3093,86,15
3094,3094,71,14
3095,3095,44,13
3096,3096,95,15
3097,3097,69,14
3098,3098,96,15
3099,3099,58,13
3100,3100,21,13
3101,3101,48,13
3102,3102,50,13
3103,3103,47,13
3104,3104,3,4
3105,3105,71,14
3106,3106,89,15
3107,3107,71,14
3108,3108,76,14
3109,3109,58,13
3110,3110,61,13
3111,3111,38,13
3112,3112,17,13
3113,3113,93,15
3114,3114,69,14
3115,3115,70,14
3116,3116,5,7
3117,3117,53,13
3118,3118,16,13
3119,3119,67,14
3120,3120,69,14
3121,3121,61,13
3122,3122,32,13
3123,3123,51,13
3124,3124,66,14
3125,3125,80,14
3126,3126,67,14
3127,3127,60,13
3128,3128,98,15
3129,3129,5,7
3130,3130,73,14
3131,3131,82,14
3132,3132,57,13
3133,3133,58,13
3134,3134,7,13
3135,3135,65,14
3136,3136,1,3
3137,3137,45,13
3138,3138,85,15
3139,3139,57,13
3140,3140,47,13
3141,3141,39,13
3142,3142,75,14
3143,3143,12,13
3144,3144,96,15
3145,3145,2,2
3146,3146,53,13
3147,3147,27,13
3148,3148,72,14
3149,3149,16,13
3150,3150,18,13
3151,3151,68,14
3152,3152,60,13
3153,3153,16,13
3154,3154,13,13
3155,3155,66,14
3156,3156,51,13
3157,3157,55,13
3158,3158,28,13
3159,3159,94,15
3160,3160,17,13
3161,3161,33,13
3162,3162,20,13
3163,3163,83,14
3164,3164,75,14
3165,3165,21,13
3166,3166,90,15
3167,3167,79,14
3168,3168,10,13
3169,3169,63,14
3170,3170,101,16
3171,3171,83,14
3172,3172,56,13
3173,3173,47,13
3174,3174,76,14
3175,3175,10,13
3176,3176,18,13
3177,3177,15,13
3178,3178,28,13
3179,3179,46,13
3180,3180,27,13
3181,3181,44,13
3182,3182,55,13
3183,3183,99,15
3184,3184,97,15
3185,3185,45,13
3186,3186,61,13
3187,3187,1,1
3188,3188,16,13
3189,3189,99,15
3190,3190,8,13
3191,3191,25,13
3192,3192,95,15
3193,3193,93,15
3194,3194,20,13
3195,3195,34,13
3196,3196,70,14
3197,3197,35,13
3198,3198,26,13
3199,3199,36,13
3200,3200,65,14
3201,3201,18,13
3202,3202,43,13
3203,3203,93,15
3204,3204,95,15
3205,3205,61,13
3206,3206,89,15
3207,3207,77,14
3208,3208,26,13
3209,3209,42,13
3210,3210,16,13
3211,3211,66,14
3212,3212,99,15
3213,3213,69,14
3214,3214,96,15
3215,3215,77,14
3216,3216,100,16
3217,3217,45,13
3218,3218,89,15
3219,3219,99,15
3220,3220,50,13
3221,3221,96,15
3222,3222,18,13
3223,3223,67,14
3224,3224,13,13
3225,3225,37,13
3226,3226,71,14
3227,3227,26,13
3228,3228,73,14
3229,3229,17,13
3230,3230,71,14
3231,3231,25,13
3232,3232,18,13
3233,3233,24,13
3234,3234,3,1
3235,3235,31,13
3236,3236,89,15
3237,3237,24,13
3238,3238,73,14
3239,3239,66,14
3240,3240,85,15
3241,3241,90,15
3242,3242,97,15
3243,3243,93,15
3244,3244,61,13
3245,3245,24,13
3246,3246,14,13
3247,3247,86,15
3248,3248,60,13
3249,3249,33,13
3250,3250,93,15
3251,3251,39,13
3252,3252,33,13
3253,3253,55,13
3254,3254,71,14
3255,3255,1,3
3256,3256,32,13
3257,3257,5,7
3258,3258,29,13
3259,3259,39,13
3260,3260,99,15
3261,3261,74,14
3262,3262,90,15
3263,3263,84,14
3264,3264,96,15
3265,3265,91,15
3266,3266,63,14
3267,3267,16,13
3268,3268,26,13
3269,3269,81,14
3270,3270,25,13
3271,3271,65,14
3272,3272,67,14
3273,3273,3,4
3274,3274,93,15
3275,3275,101,16
3276,3276,94,15
3277,3277,79,14
3278,3278,93,15
3279,3279,27,13
3280,3280,41,13
3281,3281,36,13
3282,3282,56,13
3283,3283,40,13
3284,3284,70,14
3285,3285,2,4
3286,3286,37,13
3287,3287,100,16
3288,3288,3,3
3289,3289,19,13
3290,3290,22,13
3291,3291,37,13
3292,3292,67,14
3293,3293,29,13
3294,3294,77,14
3295,3295,98,15
3296,3296,90,15
3297,3297,18,13
3298,3298,89,15
3299,3299,66,14
3300,3300,49,13
3301,3301,69,14
3302,3302,71,14
3303,3303,74,14
3304,3304,20,13
3305,3305,26,13
3306,3306,48,13
3307,3307,77,14
3308,3308,31,13
3309,3309,75,14
3310,3310,44,13
3311,3311,75,14
3312,3312,33,13
3313,3313,52,13
3314,3314,14,13
3315,3315,55,13
3316,3316,64,14
3317,3317,64,14
3318,3318,42,13
3319,3319,83,14
3320,3320,30,13
3321,3321,100,16
3322,3322,42,13
3323,3323,76,14
3324,3324,26,13
3325,3325,46,13
3326,3326,58,13
3327,3327,50,13
3328,3328,71,14
3329,3329,84,14
3330,3330,78,14
3331,3331,78,14
3332,3332,58,13
3333,3333,77,14
3334,3334,55,13
3335,3335,69,14
3336,3336,48,13
3337,3337,80,14
3338,3338,57,13
3339,3339,31,13
3340,3340,86,15
3341,3341,94,15
3342,3342,69,14
3343,3343,85,15
3344,3344,8,13
3345,3345,49,13
3346,3346,21,13
3347,3347,84,14
3348,3348,5,8
3349,3349,88,15
3350,3350,1,1
3351,3351,35,13
3352,3352,5,7
3353,3353,42,13
3354,3354,76,14
3355,3355,79,14
3356,3356,98,15
3357,3357,101,16
3358,3358,81,14
3359,3359,19,13
3360,3360,76,14
3361,3361,42,13
3362,3362,42,13
3363,3363,82,14
3364,3364,91,15
3365,3365,39,13
3366,3366,54,13
3367,3367,38,13
3368,3368,97,15
3369,3369,9,13
3370,3370,85,15
3371,3371,46,13
3372,3372,92,15
3373,3373,60,13
3374,3374,78,14
3375,3375,70,14
3376,3376,98,15
3377,3377,52,13
3378,3378,16,13
3379,3379,16,13
3380,3380,67,14
3381,3381,70,14
3382,3382,63,14
3383,3383,37,13
3384,3384,14,13
3385,3385,71,14
3386,3386,28,13
3387,3387,17,13
3388,3388,75,14
3389,3389,81,14
3390,3390,36,13
3391,3391,68,14
3392,3392,38,13
3393,3393,21,13
3394,3394,37,13
3395,3395,41,13
3396,3396,7,13
3397,3397,88,15
3398,3398,34,13
3399,3399,79,14
3400,3400,88,15
3401,3401,89,15
3402,3402,70,14
3403,3403,50,13
3404,3404,52,13
3405,3405,95,15
3406,3406,84,14
3407,3407,76,14
3408,3408,65,14
3409,3409,61,13
3410,3410,33,13
3411,3411,35,13
3412,3412,93,15
3413,3413,34,13
3414,3414,32,13
3415,3415,55,13
3416,3416,40,13
3417,3417,16,13
3418,3418,78,14
3419,3419,25,13
3420,3420,42,13
3421,3421,11,13
3422,3422,29,13
3423,3423,38,13
3424,3424,6,12
3425,3425,90,15
3426,3426,68,14
3427,3427,74,14
3428,3428,23,13
3429,3429,72,14
3430,3430,96,15
3431,3431,33,13
3432,3432,5,7
3433,3433,27,13
3434,3434,84,14
3435,3435,29,13
3436,3436,30,13
3437,3437,4,4
3438,3438,60,13
3439,3439,87,15
3440,3440,101,16
3441,3441,11,13
3442,3442,2,3
3443,3443,6,12
3444,3444,66,14
3445,3445,59,13
3446,3446,74,14
3447,3447,90,15
3448,3448,6,11
3449,3449,54,13
3450,3450,53,13
3451,3451,48,13
3452,3452,54,13
3453,3453,75,14
3454,3454,73,14
3455,3455,79,14
3456,3456,76,14
3457,3457,65,14
3458,3458,5,7
3459,3459,31,13
3460,3460,6,9
3461,3461,59,13
3462,3462,2,2
3463,3463,27,13
3464,3464,32,13
3465,3465,65,14
3466,3466,52,13
3467,3467,48,13
3468,3468,26,13
3469,3469,4,3
3470,3470,57,13
3471,3471,52,13
3472,3472,38,13
3473,3473,53,13
3474,3474,32,13
3475,3475,34,13
3476,3476,36,13
3477,3477,100,16
3478,3478,26,13
3479,3479,39,13
3480,3480,46,13
3481,3481,78,14
3482,3482,75,14
3483,3483,41,13
3484,3484,18,13
3485,3485,2,4
3486,3486,72,14
3487,3487,54,13
3488,3488,65,14
3489,3489,99,15
3490,3490,6,10
3491,3491,53,13
3492,3492,92,15
3493,3493,71,14
3494,3494,94,15
3495,3495,54,13
3496,3496,64,14
3497,3497,78,14
3498,3498,19,13
3499,3499,92,15
3500,3500,60,13
3501,3501,76,14
3502,3502,25,13
3503,3503,70,14
3504,3504,17,13
3505,3505,99,15
3506,3506,98,15
3507,3507,9,13
3508,3508,30,13
3509,3509,51,13
3510,3510,21,13
3511,3511,49,13
3512,3512,28,13
3513,3513,70,14
3514,3514,9,13
3515,3515,67,14
3516,3516,71,14
3517,3517,50,13
3518,3518,47,13
3519,3519,48,13
3520,3520,23,13
3521,3521,32,13
3522,3522,9,13
3523,3523,52,13
3524,3524,72,14
3525,3525,50,13
3526,3526,48,13
3527,3527,7,13
3528,3528,70,14
3529,3529,42,13
3530,3530,65,14
3531,3531,81,14
3532,3532,47,13
3533,3533,70,14
3534,3534,62,13
3535,3535,97,15
3536,3536,60,13
3537,3537,68,14
3538,3538,24,13
3539,3539,94,15
3540,3540,6,11
3541,3541,94,15
3542,3542,10,13
3543,3543,38,13
3544,3544,14,13
3545,3545,57,13
3546,3546,44,13
3547,3547,30,13
3548,3548,80,14
3549,3549,70,14
3550,3550,97,15
3551,3551,26,13
3552,3552,69,14
3553,3553,6,12
3554,3554,42,13
3555,3555,71,14
3556,3556,78,14
3557,3557,47,13
3558,3558,87,15
3559,3559,63,14
3560,3560,16,13
3561,3561,96,15
3562,3562,14,13
3563,3563,84,14
3564,3564,63,14
3565,3565,72,14
3566,3566,14,13
3567,3567,2,1
3568,3568,97,15
3569,3569,39,13
3570,3570,15,13
3571,3571,27,13
3572,3572,24,13
3573,3573,91,15
3574,3574,29,13
3575,3575,97,15
3576,3576,32,13
3577,3577,32,13
3578,3578,68,14
3579,3579,28,13
3580,3580,41,13
3581,3581,58,13
3582,3582,59,13
3583,3583,60,13
3584,3584,55,13
3585,3585,86,15
3586,3586,92,15
3587,3587,37,13
3588,3588,49,13
3589,3589,82,14
3590,3590,11,13
3591,3591,43,13
3592,3592,27,13
3593,3593,71,14
3594,3594,93,15
3595,3595,72,14
3596,3596,30,13
3597,3597,23,13
3598,3598,15,13
3599,3599,101,16
3600,3600,18,13
3601,3601,84,14
3602,3602,44,13
3603,3603,90,15
3604,3604,17,13
3605,3605,67,14
3606,3606,91,15
3607,3607,6,12
3608,3608,84,14
3609,3609,4,4
3610,3610,67,14
3611,3611,36,13
3612,3612,76,14
3613,3613,79,14
3614,3614,28,13
3615,3615,62,13
3616,3616,48,13
3617,3617,20,13
3618,3618,49,13
3619,3619,99,15
3620,3620,32,13
3621,3621,62,13
3622,3622,83,14
3623,3623,86,15
3624,3624,75,14
3625,3625,34,13
3626,3626,2,2
3627,3627,32,13
3628,3628,95,15
3629,3629,85,15
3630,3630,13,13
3631,3631,61,13
3632,3632,76,14
3633,3633,35,13
3634,3634,91,15
3635,3635,8,13
3636,3636,53,13
3637,3637,18,13
3638,3638,45,13
3639,3639,29,13
3640,3640,54,13
3641,3641,92,15
3642,3642,65,14
3643,3643,39,13
3644,3644,33,13
3645,3645,84,14
3646,3646,58,13
3647,3647,97,15
3648,3648,13,13
3649,3649,27,13
3650,3650,62,13
3651,3651,78,14
3652,3652,37,13
3653,3653,83,14
3654,3654,11,13
3655,3655,6,11
3656,3656,84,14
3657,3657,41,13
3658,3658,26,13
3659,3659,12,13
3660,3660,6,12
3661,3661,10,13
3662,3662,22,13
3663,3663,87,15
3664,3664,67,14
3665,3665,12,13
3666,3666,54,13
3667,3667,92,15
3668,3668,87,15
3669,3669,23,13
3670,3670,39,13
3671,3671,92,15
3672,3672,60,13
3673,3673,53,13
3674,3674,15,13
3675,3675,61,13
3676,3676,50,13
3677,3677,62,13
3678,3678,63,14
3679,3679,51,13
3680,3680,98,15
3681,3681,93,15
3682,3682,59,13
3683,3683,70,14
3684,3684,47,13
3685,3685,46,13
3686,3686,3,2
3687,3687,67,14
3688,3688,2,3
3689,3689,31,13
3690,3690,67,14
3691,3691,84,14
3692,3692,6,11
3693,3693,56,13
3694,3694,57,13
3695,3695,51,13
3696,3696,88,15
3697,3697,5,6
3698,3698,90,15
3699,3699,85,15
3700,3700,65,14
3701,3701,37,13
3702,3702,41,13
3703,3703,36,13
3704,3704,1,1
3705,3705,66,14
3706,3706,39,13
3707,3707,69,14
3708,3708,100,16
3709,3709,88,15
3710,3710,13,13
3711,3711,15,13
3712,3712,95,15
3713,3713,66,14
3714,3714,1,4
3715,3715,80,14
3716,3716,57,13
3717,3717,33,13
3718,3718,30,13
3719,3719,50,13
3720,3720,23,13
3721,3721,16,13
3722,3722,31,13
3723,3723,80,14
3724,3724,48,13
3725,3725,76,14
3726,3726,1,2
3727,3727,47,13
3728,3728,88,15
3729,3729,41,13
3730,3730,80,14
3731,3731,58,13
3732,3732,68,14
3733,3733,18,13
3734,3734,74,14
3735,3735,63,14
3736,3736,64,14
3737,3737,27,13
3738,3738,7,13
3739,3739,36,13
3740,3740,97,15
3741,3741,92,15
3742,3742,16,13
3743,3743,7,13
3744,3744,93,15
3745,3745,11,13
3746,3746,80,14
3747,3747,83,14
3748,3748,29,13
3749,3749,2,2
3750,3750,5,8
3751,3751,66,14
3752,3752,30,13
3753,3753,23,13
3754,3754,16,13
3755,3755,85,15
3756,3756,31,13
3757,3757,4,2
3758,3758,22,13
3759,3759,36,13
3760,3760,27,13
3761,3761,76,14
3762,3762,27,13
3763,3763,65,14
3764,3764,12,13
3765,3765,53,13
3766,3766,54,13
3767,3767,97,15
3768,3768,13,13
3769,3769,55,13
3770,3770,41,13
3771,3771,94,15
3772,3772,49,13
3773,3773,59,13
3774,3774,25,13
3775,3775,77,14
3776,3776,87,15
3777,3777,25,13
3778,3778,43,13
3779,3779,61,13
3780,3780,62,13
3781,3781,89,15
3782,3782,100,16
3783,3783,94,15
3784,3784,27,13
3785,3785,37,13
3786,3786,88,15
3787,3787,36,13
3788,3788,60,13
3789,3789,83,14
3790,3790,35,13
3791,3791,2,1
3792,3792,61,13
3793,3793,11,13
3794,3794,62,13
3795,3795,15,13
3796,3796,11,13
3797,3797,40,13
3798,3798,88,15
3799,3799,36,13
3800,3800,21,13
3801,3801,80,14
3802,3802,86,15
3803,3803,49,13
3804,3804,24,13
3805,3805,37,13
3806,3806,97,15
3807,3807,67,14
3808,3808,1,1
3809,3809,82,14
3810,3810,53,13
3811,3811,91,15
3812,3812,51,13
3813,3813,74,14
3814,3814,10,13
3815,3815,16,13
3816,3816,85,15
3817,3817,70,14
3818,3818,16,13
3819,3819,63,14
3820,3820,74,14
3821,3821,49,13
3822,3822,7,13
3823,3823,31,13
3824,3824,3,4
3825,3825,38,13
3826,3826,75,14
3827,3827,69,14
3828,3828,68,14
3829,3829,27,13
3830,3830,59,13
3831,3831,27,13
3832,3832,58,13
3833,3833,83,14
3834,3834,75,14
3835,3835,14,13
3836,3836,68,14
3837,3837,88,15
3838,3838,84,14
3839,3839,21,13
3840,3840,57,13
3841,3841,72,14
3842,3842,69,14
3843,3843,34,13
3844,3844,34,13
3845,3845,42,13
3846,3846,95,15
3847,3847,70,14
3848,3848,11,13
3849,3849,13,13
3850,3850,55,13
3851,3851,71,14
3852,3852,23,13
3853,3853,19,13
3854,3854,83,14
3855,3855,80,14
3856,3856,11,13
3857,3857,50,13
3858,3858,8,13
3859,3859,22,13
3860,3860,53,13
3861,3861,47,13
3862,3862,81,14
3863,3863,8,13
3864,3864,13,13
3865,3865,52,13
3866,3866,40,13
3867,3867,83,14
3868,3868,50,13
3869,3869,36,13
3870,3870,17,13
3871,3871,29,13
3872,3872,61,13
3873,3873,100,16
3874,3874,41,13
3875,3875,58,13
3876,3876,26,13
3877,3877,4,4
3878,3878,1,1
3879,3879,63,14
3880,3880,69,14
3881,3881,46,13
3882,3882,59,13
3883,3883,65,14
3884,3884,26,13
3885,3885,42,13
3886,3886,6,10
3887,3887,42,13
3888,3888,56,13
3889,3889,21,13
3890,3890,18,13
3891,3891,46,13
3892,3892,37,13
3893,3893,38,13
3894,3894,27,13
3895,3895,61,13
3896,3896,4,3
3897,3897,97,15
3898,3898,88,15
3899,3899,80,14
3900,3900,89,15
3901,3901,54,13
3902,3902,18,13
3903,3903,61,13
3904,3904,27,13
3905,3905,58,13
3906,3906,29,13
3907,3907,47,13
3908,3908,83,14
3909,3909,53,13
3910,3910,31,13
3911,3911,89,15
3912,3912,6,12
3913,3913,54,13
3914,3914,90,15
3915,3915,71,14
3916,3916,80,14
3917,3917,7,13
3918,3918,21,13
3919,3919,61,13
3920,3920,5,5
3921,3921,20,13
3922,3922,15,13
3923,3923,13,13
3924,3924,71,14
3925,3925,83,14
3926,3926,45,13
3927,3927,15,13
3928,3928,65,14
3929,3929,2,2
3930,3930,9,13
3931,3931,65,14
3932,3932,10,13
3933,3933,52,13
3934,3934,68,14
3935,3935,73,14
3936,3936,17,13
3937,3937,61,13
3938,3938,41,13
3939,3939,68,14
3940,3940,72,14
3941,3941,25,13
3942,3942,91,15
3943,3943,74,14
3944,3944,12,13
3945,3945,28,13
3946,3946,12,13
3947,3947,19,13
3948,3948,61,13
3949,3949,78,14
3950,3950,31,13
3951,3951,11,13
3952,3952,74,14
3953,3953,33,13
3954,3954,98,15
3955,3955,52,13
3956,3956,66,14
3957,3957,18,13
3958,3958,92,15
3959,3959,78,14
3960,3960,24,13
3961,3961,76,14
3962,3962,35,13
3963,3963,76,14
3964,3964,85,15
3965,3965,92,15
3966,3966,70,14
3967,3967,37,13
3968,3968,54,13
3969,3969,29,13
3970,3970,85,15
3971,3971,74,14
3972,3972,36,13
3973,3973,63,14
3974,3974,22,13
3975,3975,58,13
3976,3976,35,13
3977,3977,57,13
3978,3978,100,16
3979,3979,70,14
3980,3980,51,13
3981,3981,30,13
3982,3982,57,13
3983,3983,49,13
3984,3984,84,14
3985,3985,34,13
3986,3986,32,13
3987,3987,16,13
3988,3988,13,13
3989,3989,3,4
3990,3990,57,13
3991,3991,72,14
3992,3992,54,13
3993,3993,42,13
3994,3994,31,13
3995,3995,5,5
3996,3996,12,13
3997,3997,91,15
3998,3998,26,13
3999,3999,3,1
4000,4000,55,13
4001,4001,22,13
4002,4002,3,3
4003,4003,7,13
4004,4004,74,14
4005,4005,45,13
4006,4006,36,13
4007,4007,45,13
4008,4008,26,13
4009,4009,69,14
4010,4010,42,13
4011,4011,82,14
4012,4012,59,13
4013,4013,14,13
4014,4014,39,13
4015,4015,29,13
4016,4016,73,14
4017,4017,80,14
4018,4018,62,13
4019,4019,91,15
4020,4020,61,13
4021,4021,66,14
4022,4022,21,13
4023,4023,78,14
4024,4024,96,15
4025,4025,92,15
4026,4026,37,13
4027,4027,6,11
4028,4028,88,15
4029,4029,84,14
4030,4030,16,13
4031,4031,92,15
4032,4032,41,13
4033,4033,73,14
4034,4034,12,13
4035,4035,27,13
4036,4036,57,13
4037,4037,1,4
4038,4038,47,13
4039,4039,7,13
4040,4040,60,13
4041,4041,73,14
4042,4042,83,14
4043,4043,100,16
4044,4044,68,14
4045,4045,95,15
4046,4046,91,15
4047,4047,10,13
4048,4048,69,14
4049,4049,101,16
4050,4050,8,13
4051,4051,83,14
4052,4052,32,13
4053,4053,69,14
4054,4054,33,13
4055,4055,61,13
4056,4056,98,15
4057,4057,22,13
4058,4058,20,13
4059,4059,65,14
4060,4060,74,14
4061,4061,50,13
4062,4062,40,13
4063,4063,100,16
4064,4064,27,13
4065,4065,24,13
4066,4066,14,13
4067,4067,81,14
4068,4068,28,13
4069,4069,35,13
4070,4070,14,13
4071,4071,97,15
4072,4072,100,16
4073,4073,79,14
4074,4074,45,13
4075,4075,22,13
4076,4076,12,13
4077,4077,91,15
4078,4078,12,13
4079,4079,60,13
4080,4080,1,4
4081,4081,34,13
4082,4082,30,13
4083,4083,14,13
4084,4084,63,14
4085,4085,83,14
4086,4086,83,14
4087,4087,60,13
4088,4088,1,1
4089,4089,55,13
4090,4090,70,14
4091,4091,80,14
4092,4092,58,13
4093,4093,54,13
4094,4094,64,14
4095,4095,31,13
4096,4096,83,14
4097,4097,23,13
4098,4098,14,13
4099,4099,78,14
4100,4100,65,14
4101,4101,34,13
4102,4102,52,13
4103,4103,62,13
4104,4104,93,15
4105,4105,28,13
4106,4106,1,4
4107,4107,23,13
4108,4108,37,13
4109,4109,37,13
4110,4110,51,13
4111,4111,54,13
4112,4112,99,15
4113,4113,99,15
4114,4114,74,14
4115,4115,6,11
4116,4116,67,14
4117,4117,64,14
4118,4118,92,15
4119,4119,30,13
4120,4120,67,14
4121,4121,34,13
4122,4122,29,13
4123,4123,101,16
4124,4124,43,13
4125,4125,54,13
4126,4126,99,15
4127,4127,28,13
4128,4128,101,16
4129,4129,90,15
4130,4130,98,15
4131,4131,94,15
4132,4132,19,13
4133,4133,35,13
4134,4134,9,13
4135,4135,29,13
4136,4136,80,14
4137,4137,62,13
4138,4138,12,13
4139,4139,47,13
4140,4140,10,13
4141,4141,54,13
4142,4142,95,15
4143,4143,32,13
4144,4144,25,13
4145,4145,9,13
4146,4146,9,13
4147,4147,38,13
4148,4148,38,13
4149,4149,35,13
4150,4150,26,13
4151,4151,89,15
4152,4152,55,13
4153,4153,13,13
4154,4154,59,13
4155,4155,86,15
4156,4156,43,13
4157,4157,88,15
4158,4158,69,14
4159,4159,67,14
4160,4160,95,15
4161,4161,64,14
4162,4162,18,13
4163,4163,90,15
4164,4164,57,13
4165,4165,89,15
4166,4166,95,15
4167,4167,31,13
4168,4168,56,13
4169,4169,56,13
4170,4170,92,15
4171,4171,93,15
4172,4172,44,13
4173,4173,42,13
4174,4174,27,13
4175,4175,5,8
4176,4176,28,13
4177,4177,38,13
4178,4178,5,8
4179,4179,57,13
4180,4180,59,13
4181,4181,65,14
4182,4182,61,13
4183,4183,82,14
4184,4184,70,14
4185,4185,71,14
4186,4186,61,13
4187,4187,57,13
4188,4188,46,13
4189,4189,90,15
4190,4190,32,13
4191,4191,81,14
4192,4192,45,13
4193,4193,14,13
4194,4194,23,13
4195,4195,34,13
4196,4196,29,13
4197,4197,14,13
4198,4198,89,15
4199,4199,53,13
4200,4200,96,15
4201,4201,86,15
4202,4202,59,13
4203,4203,70,14
4204,4204,85,15
4205,4205,51,13
4206,4206,54,13
4207,4207,74,14
4208,4208,44,13
4209,4209,81,14
4210,4210,9,13
4211,4211,83,14
4212,4212,59,13
4213,4213,12,13
4214,4214,56,13
4215,4215,46,13
4216,4216,56,13
4217,4217,70,14
4218,4218,33,13
4219,4219,60,13
4220,4220,95,15
4221,4221,11,13
4222,4222,35,13
4223,4223,2,3
4224,4224,40,13
4225,4225,54,13
4226,4226,82,14
4227,4227,40,13
4228,4228,26,13
4229,4229,82,14
4230,4230,22,13
4231,4231,81,14
4232,4232,5,5
4233,4233,47,13
4234,4234,74,14
4235,4235,40,13
4236,4236,23,13
4237,4237,81,14
4238,4238,9,13
4239,4239,60,13
4240,4240,93,15
4241,4241,52,13
4242,4242,36,13
4243,4243,71,14
4244,4244,50,13
4245,4245,25,13
4246,4246,61,13
4247,4247,16,13
4248,4248,29,13
4249,4249,95,15
4250,4250,74,14
4251,4251,72,14
4252,4252,69,14
4253,4253,33,13
4254,4254,70,14
4255,4255,55,13
4256,4256,39,13
4257,4257,57,13
4258,4258,76,14
4259,4259,39,13
4260,4260,90,15
4261,4261,67,14
4262,4262,7,13
4263,4263,26,13
4264,4264,37,13
4265,4265,68,14
4266,4266,13,13
4267,4267,81,14
4268,4268,13,13
4269,4269,38,13
4270,4270,72,14
4271,4271,62,13
4272,4272,47,13
4273,4273,73,14
4274,4274,68,14
4275,4275,95,15
4276,4276,57,13
4277,4277,56,13
4278,4278,53,13
4279,4279,45,13
4280,4280,71,14
4281,4281,10,13
4282,4282,94,15
4283,4283,3,4
4284,4284,85,15
4285,4285,30,13
4286,4286,67,14
4287,4287,28,13
4288,4288,80,14
4289,4289,1,1
4290,4290,64,14
4291,4291,40,13
4292,4292,57,13
4293,4293,50,13
4294,4294,59,13
4295,4295,21,13
4296,4296,1,1
4297,4297,82,14
4298,4298,8,13
4299,4299,47,13
4300,4300,19,13
4301,4301,50,13
4302,4302,36,13
4303,4303,8,13
4304,4304,64,14
4305,4305,47,13
4306,4306,33,13
4307,4307,24,13
4308,4308,18,13
4309,4309,60,13
4310,4310,27,13
4311,4311,62,13
4312,4312,4,3
4313,4313,63,14
4314,4314,59,13
4315,4315,7,13
4316,4316,60,13
4317,4317,51,13
4318,4318,7,13
4319,4319,38,13
4320,4320,49,13
4321,4321,89,15
4322,4322,53,13
4323,4323,59,13
4324,4324,65,14
4325,4325,43,13
4326,4326,31,13
4327,4327,5,6
4328,4328,8,13
4329,4329,51,13
4330,4330,5,6
4331,4331,19,13
4332,4332,39,13
4333,4333,62,13
4334,4334,44,13
4335,4335,42,13
4336,4336,38,13
4337,4337,48,13
4338,4338,101,16
4339,4339,48,13
4340,4340,8,13
4341,4341,20,13
4342,4342,26,13
4343,4343,76,14
4344,4344,12,13
4345,4345,42,13
4346,4346,77,14
4347,4347,35,13
4348,4348,45,13
4349,4349,2,3
4350,4350,18,13
4351,4351,42,13
4352,4352,92,15
4353,4353,25,13
4354,4354,92,15
4355,4355,5,8
4356,4356,21,13
4357,4357,56,13
4358,4358,17,13
4359,4359,63,14
4360,4360,69,14
4361,4361,59,13
4362,4362,57,13
4363,4363,18,13
4364,4364,67,14
4365,4365,9,13
4366,4366,8,13
4367,4367,15,13
4368,4368,95,15
4369,4369,48,13
4370,4370,100,16
4371,4371,69,14
4372,4372,68,14
4373,4373,54,13
4374,4374,38,13
4375,4375,18,13
4376,4376,16,13
4377,4377,86,15
4378,4378,61,13
4379,4379,77,14
4380,4380,61,13
4381,4381,88,15
4382,4382,84,14
4383,4383,79,14
4384,4384,46,13
4385,4385,46,13
4386,4386,23,13
4387,4387,3,3
4388,4388,55,13
4389,4389,81,14
4390,4390,5,7
4391,4391,45,13
4392,4392,13,13
4393,4393,63,14
4394,4394,64,14
4395,4395,80,14
4396,4396,66,14
4397,4397,16,13
4398,4398,37,13
4399,4399,9,13
4400,4400,84,14
4401,4401,34,13
4402,4402,93,15
4403,4403,8,13
4404,4404,98,15
4405,4405,44,13
4406,4406,33,13
4407,4407,98,15
4408,4408,75,14
4409,4409,89,15
4410,4410,55,13
4411,4411,93,15
4412,4412,73,14
4413,4413,41,13
4414,4414,53,13
4415,4415,62,13
4416,4416,27,13
4417,4417,63,14
4418,4418,63,14
4419,4419,86,15
4420,4420,33,13
4421,4421,2,1
4422,4422,17,13
4423,4423,93,15
4424,4424,20,13
4425,4425,27,13
4426,4426,62,13
4427,4427,51,13
4428,4428,22,13
4429,4429,33,13
4430,4430,73,14
4431,4431,20,13
4432,4432,93,15
4433,4433,34,13
4434,4434,95,15
4435,4435,41,13
4436,4436,24,13
4437,4437,15,13
4438,4438,8,13
4439,4439,87,15
4440,4440,68,14
4441,4441,22,13
4442,4442,3,2
4443,4443,15,13
4444,4444,81,14
4445,4445,81,14
4446,4446,79,14
4447,4447,27,13
4448,4448,4,4
4449,4449,89,15
4450,4450,64,14
4451,4451,64,14
4452,4452,3,4
4453,4453,90,15
4454,4454,49,13
4455,4455,45,13
4456,4456,51,13
4457,4457,23,13
4458,4458,39,13
4459,4459,8,13
4460,4460,22,13
4461,4461,58,13
4462,4462,50,13
4463,4463,25,13
4464,4464,65,14
4465,4465,31,13
4466,4466,52,13
4467,4467,24,13
4468,4468,68,14
4469,4469,94,15
4470,4470,80,14
4471,4471,62,13
4472,4472,78,14
4473,4473,71,14
4474,4474,3,3
4475,4475,25,13
4476,4476,33,13
4477,4477,45,13
4478,4478,68,14
4479,4479,30,13
4480,4480,69,14
4481,4481,51,13
4482,4482,93,15
4483,4483,33,13
4484,4484,93,15
4485,4485,48,13
4486,4486,22,13
4487,4487,49,13
4488,4488,28,13
4489,4489,14,13
4490,4490,37,13
4491,4491,8,13
4492,4492,24,13
4493,4493,43,13
4494,4494,69,14
4495,4495,68,14
4496,4496,25,13
4497,4497,94,15
4498,4498,12,13
4499,4499,13,13
4500,4500,54,13
4501,4501,13,13
4502,4502,4,1
4503,4503,71,14
4504,4504,96,15
4505,4505,59,13
4506,4506,62,13
4507,4507,64,14
4508,4508,81,14
4509,4509,70,14
4510,4510,51,13
4511,4511,98,15
4512,4512,25,13
4513,4513,67,14
4514,4514,43,13
4515,4515,71,14
4516,4516,28,13
4517,4517,49,13
4518,4518,34,13
4519,4519,88,15
4520,4520,101,16
4521,4521,43,13
4522,4522,81,14
4523,4523,45,13
4524,4524,46,13
4525,4525,50,13
4526,4526,96,15
4527,4527,71,14
4528,4528,72,14
4529,4529,50,13
4530,4530,34,13
4531,4531,90,15
4532,4532,78,14
4533,4533,94,15
4534,4534,31,13
4535,4535,15,13
4536,4536,58,13
4537,4537,77,14
4538,4538,61,13
4539,4539,81,14
4540,4540,20,13
4541,4541,76,14
4542,4542,54,13
4543,4543,62,13
4544,4544,52,13
4545,4545,18,13
4546,4546,33,13
4547,4547,11,13
4548,4548,98,15
4549,4549,51,13
4550,4550,50,13
4551,4551,95,15
4552,4552,97,15
4553,4553,89,15
4554,4554,70,14
4555,4555,97,15
4556,4556,61,13
4557,4557,43,13
4558,4558,94,15
4559,4559,36,13
4560,4560,95,15
4561,4561,15,13
4562,4562,101,16
4563,4563,63,14
4564,4564,68,14
4565,4565,20,13
4566,4566,22,13
4567,4567,87,15
4568,4568,12,13
4569,4569,92,15
4570,4570,1,3
4571,4571,43,13
4572,4572,56,13
4573,4573,86,15
4574,4574,33,13
4575,4575,48,13
4576,4576,82,14
4577,4577,52,13
4578,4578,51,13
4579,4579,84,14
4580,4580,94,15
4581,4581,48,13
4582,4582,46,13
4583,4583,101,16
4584,4584,79,14
4585,4585,13,13
4586,4586,39,13
4587,4587,43,13
4588,4588,66,14
4589,4589,17,13
4590,4590,67,14
4591,4591,71,14
4592,4592,96,15
4593,4593,29,13
4594,4594,58,13
4595,4595,75,14
4596,4596,98,15
4597,4597,94,15
4598,4598,31,13
4599,4599,48,13
4600,4600,88,15
4601,4601,86,15
4602,4602,76,14
4603,4603,70,14
4604,4604,1,4
4605,4605,83,14
4606,4606,36,13
4607,4607,54,13
4608,4608,65,14
4609,4609,41,13
4610,4610,86,15
4611,4611,98,15
4612,4612,86,15
4613,4613,71,14
4614,4614,15,13
4615,4615,26,13
4616,4616,51,13
4617,4617,58,13
4618,4618,42,13
4619,4619,45,13
4620,4620,64,14
4621,4621,32,13
4622,4622,43,13
4623,4623,25,13
4624,4624,56,13
4625,4625,22,13
4626,4626,73,14
4627,4627,2,4
4628,4628,62,13
4629,4629,64,14
4630,4630,85,15
4631,4631,56,13
4632,4632,67,14
4633,4633,68,14
4634,4634,81,14
4635,4635,24,13
4636,4636,45,13
4637,4637,35,13
4638,4638,6,9
4639,4639,100,16
4640,4640,10,13
4641,4641,61,13
4642,4642,11,13
4643,4643,93,15
4644,4644,66,14
4645,4645,73,14
4646,4646,96,15
4647,4647,76,14
4648,4648,50,13
4649,4649,12,13
4650,4650,62,13
4651,4651,49,13
4652,4652,28,13
4653,4653,98,15
4654,4654,87,15
4655,4655,37,13
4656,4656,1,3
4657,4657,14,13
4658,4658,32,13
4659,4659,47,13
4660,4660,32,13
4661,4661,14,13
4662,4662,41,13
4663,4663,66,14
4664,4664,74,14
4665,4665,6,10
4666,4666,52,13
4667,4667,100,16
4668,4668,44,13
4669,4669,17,13
4670,4670,66,14
4671,4671,68,14
4672,4672,33,13
4673,4673,81,14
4674,4674,66,14
4675,4675,91,15
4676,4676,21,13
4677,4677,21,13
4678,4678,87,15
4679,4679,20,13
4680,4680,51,13
4681,4681,44,13
4682,4682,69,14
4683,4683,78,14
4684,4684,57,13
4685,4685,16,13
4686,4686,50,13
4687,4687,81,14
4688,4688,2,4
4689,4689,3,3
4690,4690,93,15
4691,4691,20,13
4692,4692,70,14
4693,4693,4,4
4694,4694,85,15
4695,4695,28,13
4696,4696,51,13
4697,4697,94,15
4698,4698,76,14
4699,4699,87,15
4700,4700,80,14
4701,4701,11,13
4702,4702,71,14
4703,4703,50,13
4704,4704,9,13
4705,4705,70,14
4706,4706,92,15
4707,4707,3,3
4708,4708,46,13
4709,4709,22,13
4710,4710,75,14
4711,4711,28,13
4712,4712,4,4
4713,4713,78,14
4714,4714,86,15
4715,4715,92,15
4716,4716,15,13
4717,4717,63,14
4718,4718,63,14
4719,4719,44,13
4720,4720,31,13
4721,4721,54,13
4722,4722,23,13
4723,4723,57,13
4724,4724,2,1
4725,4725,10,13
4726,4726,72,14
4727,4727,40,13
4728,4728,5,7
4729,4729,74,14
4730,4730,16,13
4731,4731,14,13
4732,4732,93,15
4733,4733,96,15
4734,4734,36,13
4735,4735,30,13
4736,4736,86,15
4737,4737,25,13
4738,4738,52,13
4739,4739,3,3
4740,4740,80,14
4741,4741,20,13
4742,4742,43,13
4743,4743,2,1
4744,4744,85,15
4745,4745,90,15
4746,4746,7,13
4747,4747,81,14
4748,4748,59,13
4749,4749,38,13
4750,4750,1,3
4751,4751,19,13
4752,4752,40,13
4753,4753,93,15
4754,4754,13,13
4755,4755,16,13
4756,4756,100,16
4757,4757,99,15
4758,4758,81,14
4759,4759,33,13
4760,4760,92,15
4761,4761,91,15
4762,4762,18,13
4763,4763,79,14
4764,4764,78,14
4765,4765,33,13
4766,4766,55,13
4767,4767,67,14
4768,4768,40,13
4769,4769,21,13
4770,4770,63,14
4771,4771,21,13
4772,4772,26,13
4773,4773,66,14
4774,4774,18,13
4775,4775,10,13
4776,4776,11,13
4777,4777,73,14
4778,4778,22,13
4779,4779,99,15
4780,4780,55,13
4781,4781,46,13
4782,4782,79,14
4783,4783,66,14
4784,4784,67,14
4785,4785,87,15
4786,4786,71,14
4787,4787,46,13
4788,4788,5,7
4789,4789,83,14
4790,4790,52,13
4791,4791,43,13
4792,4792,56,13
4793,4793,56,13
4794,4794,22,13
4795,4795,101,16
4796,4796,13,13
4797,4797,35,13
4798,4798,95,15
4799,4799,18,13
4800,4800,83,14
4801,4801,96,15
4802,4802,86,15
4803,4803,10,13
4804,4804,3,2
4805,4805,22,13
4806,4806,51,13
4807,4807,15,13
4808,4808,60,13
4809,4809,74,14
4810,4810,56,13
4811,4811,79,14
4812,4812,24,13
4813,4813,80,14
4814,4814,55,13
4815,4815,21,13
4816,4816,93,15
4817,4817,67,14
4818,4818,6,11
4819,4819,91,15
4820,4820,92,15
4821,4821,20,13
4822,4822,3,3
4823,4823,97,15
4824,4824,44,13
4825,4825,49,13
4826,4826,44,13
4827,4827,55,13
4828,4828,88,15
4829,4829,36,13
4830,4830,39,13
4831,4831,37,13
4832,4832,30,13
4833,4833,87,15
4834,4834,99,15
4835,4835,43,13
4836,4836,4,1
4837,4837,17,13
4838,4838,56,13
4839,4839,13,13
4840,4840,97,15
4841,4841,50,13
4842,4842,100,16
4843,4843,100,16
4844,4844,98,15
4845,4845,2,3
4846,4846,17,13
4847,4847,24,13
4848,4848,88,15
4849,4849,26,13
4850,4850,82,14
4851,4851,84,14
4852,4852,69,14
4853,4853,68,14
4854,4854,82,14
4855,4855,57,13
4856,4856,29,13
4857,4857,14,13
4858,4858,91,15
4859,4859,94,15
4860,4860,12,13
4861,4861,51,13
4862,4862,61,13
4863,4863,101,16
4864,4864,74,14
4865,4865,27,13
4866,4866,66,14
4867,4867,101,16
4868,4868,57,13
4869,4869,39,13
4870,4870,20,13
4871,4871,69,14
4872,4872,18,13
4873,4873,4,2
4874,4874,56,13
4875,4875,75,14
4876,4876,40,13
4877,4877,83,14
4878,4878,30,13
4879,4879,53,13
4880,4880,26,13
4881,4881,45,13
4882,4882,71,14
4883,4883,74,14
4884,4884,19,13
4885,4885,100,16
4886,4886,77,14
4887,4887,81,14
4888,4888,43,13
4889,4889,58,13
4890,4890,23,13
4891,4891,73,14
4892,4892,75,14
4893,4893,93,15
4894,4894,100,16
4895,4895,25,13
4896,4896,21,13
4897,4897,29,13
4898,4898,90,15
4899,4899,83,14
4900,4900,38,13
4901,4901,67,14
4902,4902,31,13
4903,4903,7,13
4904,4904,65,14
4905,4905,76,14
4906,4906,62,13
4907,4907,6,11
4908,4908,33,13
4909,4909,8,13
4910,4910,36,13
4911,4911,40,13
4912,4912,9,13
4913,4913,72,14
4914,4914,38,13
4915,4915,4,1
4916,4916,78,14
4917,4917,26,13
4918,4918,69,14
4919,4919,41,13
4920,4920,26,13
4921,4921,69,14
4922,4922,48,13
4923,4923,84,14
4924,4924,45,13
4925,4925,6,10
4926,4926,2,1
4927,4927,63,14
4928,4928,61,13
4929,4929,60,13
4930,4930,99,15
4931,4931,83,14
4932,4932,11,13
4933,4933,22,13
4934,4934,69,14
4935,4935,48,13
4936,4936,6,9
4937,4937,71,14
4938,4938,7,13
4939,4939,72,14
4940,4940,46,13
4941,4941,49,13
4942,4942,83,14
4943,4943,98,15
4944,4944,38,13
4945,4945,78,14
4946,4946,23,13
4947,4947,101,16
4948,4948,84,14
4949,4949,20,13
4950,4950,7,13
4951,4951,59,13
4952,4952,76,14
4953,4953,13,13
4954,4954,94,15
4955,4955,16,13
4956,4956,89,15
4957,4957,82,14
4958,4958,21,13
4959,4959,84,14
4960,4960,57,13
4961,4961,24,13
4962,4962,78,14
4963,4963,37,13
4964,4964,54,13
4965,4965,91,15
4966,4966,98,15
4967,4967,36,13
4968,4968,50,13
4969,4969,24,13
4970,4970,32,13
4971,4971,99,15
4972,4972,75,14
4973,4973,12,13
4974,4974,62,13
4975,4975,32,13
4976,4976,4,3
4977,4977,42,13
4978,4978,99,15
4979,4979,74,14
4980,4980,100,16
4981,4981,91,15
4982,4982,41,13
4983,4983,81,14
4984,4984,91,15
4985,4985,25,13
4986,4986,28,13
4987,4987,59,13
4988,4988,82,14
4989,4989,99,15
4990,4990,15,13
4991,4991,11,13
4992,4992,58,13
4993,4993,41,13
4994,4994,66,14
4995,4995,77,14
4996,4996,16,13
4997,4997,68,14
4998,4998,64,14
4999,4999,48,13
5000,5000,53,13
